Workbook

Sheet Grilla
C3: LL01-pH3,8 | D3: LL01-pH3,84 | E3: LL01-pH7,4 | F3: LL01-pH7,4 | G3: LL02-pH3,8 | H3: LL02-pH3,84 | I3: LL02-pH7,4 | J3: LL02-pH7,4 | K3: Blanco-pH3,8 | L3: Blanco-pH7,4
C4: 1 | D4: 2 | E4: 3 | F4: 4 | G4: 5 | H4: 6 | I4: 7 | J4: 8 | K4: 9 | L4: 10 | M4: 11 | N4: 12
B5: a | C5: 80μl buffer 3,8 5μl NP LL01 15μlH2O 50μl ABTS 1/5 50μl H2O2 2/5 | D5: 80μl buffer 3,8 5μl NP LL01 15μlH2O 50μl ABTS 1/5 50μl H2O2 2/5 | E5: 80μl buffer 7,4 5μl NP LL01 15μlH2O 50μl ABTS 1/5 50μl H2O2 2/5 | F5: 80μl buffer 7,4 5μl NP LL01 15μlH2O 50μl ABTS 1/5 50μl H2O2 2/5 | G5: 80μl buffer 3,8 5μl NP LL02 15μl H2O 50μl ABTS 1/5 50μl H2O2 2/5 | H5: 80μl buffer 3,8 5μl NP LL02 15μl H2O 50μl ABTS 1/5 50μl H2O2 2/5 | I5: 80μl buffer 7,4 5μl NP LL02 15μl H2O 50μl ABTS 1/5 50μl H2O2 2/5 | J5: 80μl buffer 7,4 5μl NP LL02 15μl H2O 50μl ABTS 1/5 50μl H2O2 2/5 | K5: 80μl buffer 3,8 20μlH2O 50μl ABTS 1/5 50μl H2O2 2/5 | L5: 80μl buffer 7,4 20μlH2O 50μl ABTS 1/5 50μl H2O2 2/5
B6: b | C6: 80μl buffer 3,8 10μl NP LL01 10μlH2O 50μl ABTS 1/10 50μl H2O2 2/10 | D6: 80μl buffer 3,8 10μl NP LL01 10μlH2O 50μl ABTS 1/10 50μl H2O2 2/10 | E6: 80μl buffer 7,4 10μl NP LL01 10μlH2O 50μl ABTS 1/10 50μl H2O2 2/10 | F6: 80μl buffer 7,4 10μl NP LL01 10μlH2O 50μl ABTS 1/10 50μl H2O2 2/10 | G6: 80μl buffer 3,8 10μl NP LL02 10μl H2O 50μl ABTS 1/10 50μl H2O2 2/10 | H6: 80μl buffer 3,8 10μl NP LL02 10μl H2O 50μl ABTS 1/10 50μl H2O2 2/10 | I6: 80μl buffer 7,4 10μl NP LL02 10μl H2O 50μl ABTS 1/10 50μl H2O2 2/10 | J6: 80μl buffer 7,4 10μl NP LL02 10μl H2O 50μl ABTS 1/10 50μl H2O2 2/10 | K6: 80μl buffer 3,8 20μlH2O 50μl ABTS 1/5 50μl H2O2 2/5 | L6: 80μl buffer 7,4 20μlH2O 50μl ABTS 1/5 50μl H2O2 2/5
B7: c | C7: 80μl buffer 3,8 15μl NP LL01 5μlH2O 500μl ABTS 1/50 500μl H2O2 2/50 | D7: 80μl buffer 3,8 15μl NP LL01 5μlH2O 500μl ABTS 1/50 500μl H2O2 2/50 | E7: 80μl buffer 7,4 15μl NP LL01 5μlH2O 500μl ABTS 1/50 500μl H2O2 2/50 | F7: 80μl buffer 7,4 15μl NP LL01 5μlH2O 500μl ABTS 1/50 500μl H2O2 2/50 | G7: 80μl buffer 3,8 15μl NP LL02 5μl H2O 500μl ABTS 1/50 500μl H2O2 2/50 | H7: 80μl buffer 3,8 15μl NP LL02 5μl H2O 500μl ABTS 1/50 500μl H2O2 2/50 | I7: 80μl buffer 7,4 15μl NP LL02 5μl H2O 500μl ABTS 1/50 500μl H2O2 2/50 | J7: 80μl buffer 7,4 15μl NP LL02 5μl H2O 500μl ABTS 1/50 500μl H2O2 2/50
B8: d | C8: 80μl buffer 3,8 20μl NP LL01 0μlH2O 50μl ABTS 1/20 50μl H2O2 2/20 | D8: 80μl buffer 3,8 20μl NP LL01 0μlH2O 50μl ABTS 1/20 50μl H2O2 2/20 | E8: 80μl buffer 7,4 20μl NP LL01 0μlH2O 50μl ABTS 1/20 50μl H2O2 2/20 | F8: 80μl buffer 7,4 20μl NP LL01 0μlH2O 50μl ABTS 1/20 50μl H2O2 2/20 | G8: 80μl buffer 3,8 20μl NP LL02 0μl H2O 50μl ABTS 1/20 50μl H2O2 2/20 | H8: 80μl buffer 3,8 20μl NP LL02 0μl H2O 50μl ABTS 1/20 50μl H2O2 2/20 | I8: 80μl buffer 7,4 20μl NP LL02 0μl H2O 50μl ABTS 1/20 50μl H2O2 2/20 | J8: 80μl buffer 7,4 20μl NP LL02 0μl H2O 50μl ABTS 1/20 50μl H2O2 2/20
B9: e | C9: 130μl buffer 3,8 5μl NP LL01 15μl H2O 50μl ABTS 1/5 | D9: 130μl buffer 3,8 5μl NP LL01 15μl H2O 50μl ABTS 1/5 | E9: 130μl buffer 7,4 5μl NP LL01 15μl H2O 50μl ABTS 1/5 | F9: 130μl buffer 7,4 5μl NP LL01 15μl H2O 50μl ABTS 1/5 | G9: 130μl buffer 3,8 5μl NP LL02 15μl H2O 50μl ABTS 1/5 | H9: 130μl buffer 3,8 5μl NP LL02 15μl H2O 50μl ABTS 1/5 | I9: 130μl buffer 7,4 5μl NP LL02 15μl H2O 50μl ABTS 1/5 | J9: 130μl buffer 7,4 5μl NP LL02 15μl H2O 50μl ABTS 1/5 | K9: 130μl buffer 3,8 20μl H2O 50μl ABTS 1/5 | L9: 130μl buffer 7,4 20μl H2O 50μl ABTS 1/5
B10: f | C10: 130μl buffer 3,8 10μl NP LL01 10μl H2O 50μl ABTS 1/10 | D10: 130μl buffer 3,8 10μl NP LL01 10μl H2O 50μl ABTS 1/10 | E10: 130μl buffer 7,4 10μl NP LL01 10μl H2O 50μl ABTS 1/10 | F10: 130μl buffer 7,4 10μl NP LL01 10μl H2O 50μl ABTS 1/10 | G10: 130μl buffer 3,8 10μl NP LL02 10μl H2O 50μl ABTS 1/10 | H10: 130μl buffer 3,8 10μl NP LL02 10μl H2O 50μl ABTS 1/10 | I10: 130μl buffer 7,4 10μl NP LL02 10μl H2O 50μl ABTS 1/10 | J10: 130μl buffer 7,4 10μl NP LL02 10μl H2O 50μl ABTS 1/10 | K10: 130μl buffer 3,8 20μl H2O 50μl ABTS 1/5 | L10: 130μl buffer 7,4 20μl H2O 50μl ABTS 1/5
B11: g | C11: 130μl buffer 3,8 15μl NP LL01 5μl H2O 500μl ABTS 1/50 | D11: 130μl buffer 3,8 15μl NP LL01 5μl H2O 500μl ABTS 1/50 | E11: 130μl buffer 7,4 15μl NP LL01 5μl H2O 500μl ABTS 1/50 | F11: 130μl buffer 7,4 15μl NP LL01 5μl H2O 500μl ABTS 1/50 | G11: 130μl buffer 3,8 15μl NP LL02 5μl H2O 500μl ABTS 1/50 | H11: 130μl buffer 3,8 15μl NP LL02 5μl H2O 500μl ABTS 1/50 | I11: 130μl buffer 7,4 15μl NP LL02 5μl H2O 500μl ABTS 1/50 | J11: 130μl buffer 7,4 15μl NP LL02 5μl H2O 500μl ABTS 1/50
B12: h | C12: 130μl buffer 3,8 20μl NP LL01 0μl H2O 50μl ABTS 1/20 | D12: 130μl buffer 3,8 20μl NP LL01 0μl H2O 50μl ABTS 1/20 | E12: 130μl buffer 7,4 20μl NP LL01 0μl H2O 50μl ABTS 1/20 | F12: 130μl buffer 7,4 20μl NP LL01 0μl H2O 50μl ABTS 1/20 | G12: 130μl buffer 3,8 20μl NP LL02 0μl H2O 50μl ABTS 1/20 | H12: 130μl buffer 3,8 20μl NP LL02 0μl H2O 50μl ABTS 1/20 | I12: 130μl buffer 7,4 20μl NP LL02 0μl H2O 50μl ABTS 1/20 | J12: 130μl buffer 7,4 20μl NP LL02 0μl H2O 50μl ABTS 1/20

Sheet Análisis
B4: Tiempo | C4: A1 | D4: errA1 | E4: A3 | F4: errA3 | G4: A5 | H4: errA5 | I4: A7 | J4: errA7 | K4: Blanco 9 | L4: errA9 | O4: B1 | P4: errB1 | Q4: B3 | R4: errB3 | S4: B5 | T4: errB5 | U4: B7 | V4: errB7 | W4: Blanco A10 | X4: errA10
B5: 0 | C5: ='+0 seg'!$B$26 -> 0 | D5: ='+0 seg'!$C$26 -> 0 | E5: ='+0 seg'!$D$26 -> 0 | F5: ='+0 seg'!$E$26 -> 0 | G5: ='+0 seg'!$F$26 -> 0 | H5: ='+0 seg'!$G$26 -> 0 | I5: ='+0 seg'!$H$26 -> 0 | J5: ='+0 seg'!$I$26 -> 0 | K5: ='+0 seg'!$J$26 -> 0 | L5: ='+0 seg'!$K$26 -> 0 | O5: ='+0 seg'!$B$27 -> 0 | P5: ='+0 seg'!$C$27 -> 0 | Q5: ='+0 seg'!$D$27 -> 0 | R5: ='+0 seg'!$E$27 -> 0 | S5: ='+0 seg'!$F$27 -> 0 | T5: ='+0 seg'!$G$27 -> 0 | U5: ='+0 seg'!$H$27 -> 0 | V5: ='+0 seg'!$I$27 -> 0 | W5: ='+0 seg'!$L$26 -> 0 | X5: ='+0 seg'!$M$26 -> 0
B6: 23 | C6: ='+23 seg'!$B$26 -> 0.0005 | D6: ='+23 seg'!$C$26 -> 0.00070710678 | E6: ='+23 seg'!$D$26 -> -0.0005 | F6: ='+23 seg'!$E$26 -> 0.0021213203 | G6: ='+23 seg'!$F$26 -> -0.0005 | H6: ='+23 seg'!$G$26 -> 0.00070710678 | I6: ='+23 seg'!$H$26 -> -0.001 | J6: ='+23 seg'!$I$26 -> 0 | K6: ='+23 seg'!$J$26 -> -0.0005 | L6: ='+23 seg'!$K$26 -> 0.00070710678 | O6: ='+23 seg'!$B$27 -> 0 | P6: ='+23 seg'!$C$27 -> 0 | Q6: ='+23 seg'!$D$27 -> 0.0045 | R6: ='+23 seg'!$E$27 -> 0.0035355339 | S6: ='+23 seg'!$F$27 -> 0.002 | T6: ='+23 seg'!$G$27 -> 0 | U6: ='+23 seg'!$H$27 -> 0.0015 | V6: ='+23 seg'!$I$27 -> 0.00070710678 | W6: ='+23 seg'!$L$26 -> -0.001 | X6: ='+23 seg'!$M$26 -> 0.0014142136
B7: 42 | C7: ='+42 seg'!$B$26 -> 0.0005 | D7: ='+42 seg'!$C$26 -> 0.00070710678 | E7: ='+42 seg'!$D$26 -> 0.0025 | F7: ='+42 seg'!$E$26 -> 0.00070710678 | G7: ='+42 seg'!$F$26 -> -0.002 | H7: ='+42 seg'!$G$26 -> 0.0042426407 | I7: ='+42 seg'!$H$26 -> -0.0005 | J7: ='+42 seg'!$I$26 -> 0.00070710678 | K7: ='+42 seg'!$J$26 -> -0.0005 | L7: ='+42 seg'!$K$26 -> 0.00070710678 | O7: ='+42 seg'!$B$27 -> 0 | P7: ='+42 seg'!$C$27 -> 0 | Q7: ='+42 seg'!$D$27 -> 0.0055 | R7: ='+42 seg'!$E$27 -> 0.0035355339 | S7: ='+42 seg'!$F$27 -> 0.0015 | T7: ='+42 seg'!$G$27 -> 0.00070710678 | U7: ='+42 seg'!$H$27 -> 0.003 | V7: ='+42 seg'!$I$27 -> 0 | W7: ='+42 seg'!$L$26 -> -0.002 | X7: ='+42 seg'!$M$26 -> 0.0028284271
B8: 61 | C8: ='+61 seg'!$B$26 -> 0 | D8: ='+61 seg'!$C$26 -> 0 | E8: ='+61 seg'!$D$26 -> 0.002 | F8: ='+61 seg'!$E$26 -> 0 | G8: ='+61 seg'!$F$26 -> -0.0015 | H8: ='+61 seg'!$G$26 -> 0.0035355339 | I8: ='+61 seg'!$H$26 -> 0 | J8: ='+61 seg'!$I$26 -> 0 | K8: ='+61 seg'!$J$26 -> 0 | L8: ='+61 seg'!$K$26 -> 0 | O8: ='+61 seg'!$B$27 -> 0 | P8: ='+61 seg'!$C$27 -> 0 | Q8: ='+61 seg'!$D$27 -> 0.0035 | R8: ='+61 seg'!$E$27 -> 0.00070710678 | S8: ='+61 seg'!$F$27 -> 0.003 | T8: ='+61 seg'!$G$27 -> 0.0014142136 | U8: ='+61 seg'!$H$27 -> 0.0035 | V8: ='+61 seg'!$I$27 -> 0.00070710678 | W8: ='+61 seg'!$L$26 -> -0.0015 | X8: ='+61 seg'!$M$26 -> 0.0035355339
B9: 81 | C9: ='+81 seg'!$B$26 -> 0.001 | D9: ='+81 seg'!$C$26 -> 9.8130779e-18 | E9: ='+81 seg'!$D$26 -> 0.0035 | F9: ='+81 seg'!$E$26 -> 0.00070710678 | G9: ='+81 seg'!$F$26 -> -0.001 | H9: ='+81 seg'!$G$26 -> 0.0042426407 | I9: ='+81 seg'!$H$26 -> 0 | J9: ='+81 seg'!$I$26 -> 0 | K9: ='+81 seg'!$J$26 -> -0.001 | L9: ='+81 seg'!$K$26 -> 4.9065389e-18 | O9: ='+81 seg'!$B$27 -> 0.001 | P9: ='+81 seg'!$C$27 -> 1.9626156e-17 | Q9: ='+81 seg'!$D$27 -> 0.003 | R9: ='+81 seg'!$E$27 -> 9.8130779e-18 | S9: ='+81 seg'!$F$27 -> 0.003 | T9: ='+81 seg'!$G$27 -> 0.0014142136 | U9: ='+81 seg'!$H$27 -> 0.004 | V9: ='+81 seg'!$I$27 -> 0.0014142136 | W9: ='+81 seg'!$L$26 -> -0.0015 | X9: ='+81 seg'!$M$26 -> 0.0035355339
B10: 101 | C10: ='+101 seg'!$B$26 -> 0.002 | D10: ='+101 seg'!$C$26 -> 0.0014142136 | E10: ='+101 seg'!$D$26 -> 0.0015 | F10: ='+101 seg'!$E$26 -> 0.0021213203 | G10: ='+101 seg'!$F$26 -> -6.9388939e-18 | H10: ='+101 seg'!$G$26 -> 0.0042426407 | I10: ='+101 seg'!$H$26 -> 0.0005 | J10: ='+101 seg'!$I$26 -> 0.00070710678 | K10: ='+101 seg'!$J$26 -> 0.001 | L10: ='+101 seg'!$K$26 -> 0.0028284271 | O10: ='+101 seg'!$B$27 -> 0.001 | P10: ='+101 seg'!$C$27 -> 1.9626156e-17 | Q10: ='+101 seg'!$D$27 -> 0.004 | R10: ='+101 seg'!$E$27 -> 9.8130779e-18 | S10: ='+101 seg'!$F$27 -> 0.004 | T10: ='+101 seg'!$G$27 -> 0.0014142136 | U10: ='+101 seg'!$H$27 -> 0.0045 | V10: ='+101 seg'!$I$27 -> 0.0021213203 | W10: ='+101 seg'!$L$26 -> -0.0015 | X10: ='+101 seg'!$M$26 -> 0.0035355339
B11: 120 | C11: ='+120 seg'!$B$26 -> 0.002 | D11: ='+120 seg'!$C$26 -> 9.8130779e-18 | E11: ='+120 seg'!$D$26 -> 0.0045 | F11: ='+120 seg'!$E$26 -> 0.00070710678 | G11: ='+120 seg'!$F$26 -> 0.0005 | H11: ='+120 seg'!$G$26 -> 0.0035355339 | I11: ='+120 seg'!$H$26 -> 0.0005 | J11: ='+120 seg'!$I$26 -> 0.00070710678 | K11: ='+120 seg'!$J$26 -> -0.0005 | L11: ='+120 seg'!$K$26 -> 0.00070710678 | O11: ='+120 seg'!$B$27 -> 0.0005 | P11: ='+120 seg'!$C$27 -> 0.00070710678 | Q11: ='+120 seg'!$D$27 -> 0.0025 | R11: ='+120 seg'!$E$27 -> 0.00070710678 | S11: ='+120 seg'!$F$27 -> 0.004 | T11: ='+120 seg'!$G$27 -> 0.0014142136 | U11: ='+120 seg'!$H$27 -> 0.004 | V11: ='+120 seg'!$I$27 -> 0.0014142136 | W11: ='+120 seg'!$L$26 -> -0.001 | X11: ='+120 seg'!$M$26 -> 0.0042426407
B12: 140 | C12: ='+140 seg'!$B$26 -> 0.001 | D12: ='+140 seg'!$C$26 -> 0.0014142136 | E12: ='+140 seg'!$D$26 -> 6.9388939e-18 | F12: ='+140 seg'!$E$26 -> 0.0070710678 | G12: ='+140 seg'!$F$26 -> 0.0015 | H12: ='+140 seg'!$G$26 -> 0.0035355339 | I12: ='+140 seg'!$H$26 -> 0.0005 | J12: ='+140 seg'!$I$26 -> 0.00070710678 | K12: ='+140 seg'!$J$26 -> 0.0005 | L12: ='+140 seg'!$K$26 -> 0.00070710678 | O12: ='+140 seg'!$B$27 -> 0.001 | P12: ='+140 seg'!$C$27 -> 1.9626156e-17 | Q12: ='+140 seg'!$D$27 -> 0.003 | R12: ='+140 seg'!$E$27 -> 9.8130779e-18 | S12: ='+140 seg'!$F$27 -> 0.004 | T12: ='+140 seg'!$G$27 -> 0.0014142136 | U12: ='+140 seg'!$H$27 -> 0.0045 | V12: ='+140 seg'!$I$27 -> 0.0021213203 | W12: ='+140 seg'!$L$26 -> -0.001 | X12: ='+140 seg'!$M$26 -> 0.0042426407
B13: 158 | C13: ='+158 seg'!$B$26 -> 0.0025 | D13: ='+158 seg'!$C$26 -> 0.00070710678 | E13: ='+158 seg'!$D$26 -> 0.0065 | F13: ='+158 seg'!$E$26 -> 0.00070710678 | G13: ='+158 seg'!$F$26 -> 0.0025 | H13: ='+158 seg'!$G$26 -> 0.0035355339 | I13: ='+158 seg'!$H$26 -> 0.001 | J13: ='+158 seg'!$I$26 -> 0.0014142136 | K13: ='+158 seg'!$J$26 -> -0.0005 | L13: ='+158 seg'!$K$26 -> 0.00070710678 | O13: ='+158 seg'!$B$27 -> 0.002 | P13: ='+158 seg'!$C$27 -> 1.9626156e-17 | Q13: ='+158 seg'!$D$27 -> 0.005 | R13: ='+158 seg'!$E$27 -> 0.0014142136 | S13: ='+158 seg'!$F$27 -> 0.005 | T13: ='+158 seg'!$G$27 -> 0.0014142136 | U13: ='+158 seg'!$H$27 -> 0.0045 | V13: ='+158 seg'!$I$27 -> 0.0021213203 | W13: ='+158 seg'!$L$26 -> -0.001 | X13: ='+158 seg'!$M$26 -> 0.0042426407
B14: 178 | C14: ='+178 seg'!$B$26 -> 0.0035 | D14: ='+178 seg'!$C$26 -> 0.00070710678 | E14: ='+178 seg'!$D$26 -> 6.9388939e-18 | F14: ='+178 seg'!$E$26 -> 0.0098994949 | G14: ='+178 seg'!$F$26 -> 0.003 | H14: ='+178 seg'!$G$26 -> 0.0042426407 | I14: ='+178 seg'!$H$26 -> 0.002 | J14: ='+178 seg'!$I$26 -> 0.0014142136 | K14: ='+178 seg'!$J$26 -> -0.0005 | L14: ='+178 seg'!$K$26 -> 0.00070710678 | O14: ='+178 seg'!$B$27 -> 0.0015 | P14: ='+178 seg'!$C$27 -> 0.00070710678 | Q14: ='+178 seg'!$D$27 -> 0.004 | R14: ='+178 seg'!$E$27 -> 0.0014142136 | S14: ='+178 seg'!$F$27 -> 0.005 | T14: ='+178 seg'!$G$27 -> 0.0014142136 | U14: ='+178 seg'!$H$27 -> 0.0045 | V14: ='+178 seg'!$I$27 -> 0.0021213203 | W14: ='+178 seg'!$L$26 -> -0.001 | X14: ='+178 seg'!$M$26 -> 0.0042426407
B15: 198 | C15: ='+198 seg'!$B$26 -> 0.0035 | D15: ='+198 seg'!$C$26 -> 0.0021213203 | E15: ='+198 seg'!$D$26 -> 0.008 | F15: ='+198 seg'!$E$26 -> 0.0014142136 | G15: ='+198 seg'!$F$26 -> 0.004 | H15: ='+198 seg'!$G$26 -> 0.0042426407 | I15: ='+198 seg'!$H$26 -> 0.002 | J15: ='+198 seg'!$I$26 -> 0.0014142136 | K15: ='+198 seg'!$J$26 -> -0.0005 | L15: ='+198 seg'!$K$26 -> 0.00070710678 | O15: ='+198 seg'!$B$27 -> 0.002 | P15: ='+198 seg'!$C$27 -> 0.0014142136 | Q15: ='+198 seg'!$D$27 -> 0.0045 | R15: ='+198 seg'!$E$27 -> 0.00070710678 | S15: ='+198 seg'!$F$27 -> 0.005 | T15: ='+198 seg'!$G$27 -> 0 | U15: ='+198 seg'!$H$27 -> 0.0045 | V15: ='+198 seg'!$I$27 -> 0.0021213203 | W15: ='+198 seg'!$L$26 -> -0.001 | X15: ='+198 seg'!$M$26 -> 0.0042426407
B16: 219 | C16: ='+219 seg'!$B$26 -> 0.004 | D16: ='+219 seg'!$C$26 -> 0.0014142136 | E16: ='+219 seg'!$D$26 -> 0.006 | F16: ='+219 seg'!$E$26 -> 0.0028284271 | G16: ='+219 seg'!$F$26 -> 0.005 | H16: ='+219 seg'!$G$26 -> 0.0042426407 | I16: ='+219 seg'!$H$26 -> 0.002 | J16: ='+219 seg'!$I$26 -> 0 | K16: ='+219 seg'!$J$26 -> -0.0005 | L16: ='+219 seg'!$K$26 -> 0.00070710678 | O16: ='+219 seg'!$B$27 -> 0.0025 | P16: ='+219 seg'!$C$27 -> 0.00070710678 | Q16: ='+219 seg'!$D$27 -> 0.004 | R16: ='+219 seg'!$E$27 -> 9.8130779e-18 | S16: ='+219 seg'!$F$27 -> 0.005 | T16: ='+219 seg'!$G$27 -> 0 | U16: ='+219 seg'!$H$27 -> 0.005 | V16: ='+219 seg'!$I$27 -> 0.0028284271 | W16: ='+219 seg'!$L$26 -> -0.001 | X16: ='+219 seg'!$M$26 -> 0.0042426407
B17: 238 | C17: ='+238 seg'!$B$26 -> 0.0045 | D17: ='+238 seg'!$C$26 -> 0.00070710678 | E17: ='+238 seg'!$D$26 -> 0.006 | F17: ='+238 seg'!$E$26 -> 0.0028284271 | G17: ='+238 seg'!$F$26 -> 0.006 | H17: ='+238 seg'!$G$26 -> 0.0042426407 | I17: ='+238 seg'!$H$26 -> 0.0025 | J17: ='+238 seg'!$I$26 -> 0.00070710678 | K17: ='+238 seg'!$J$26 -> 0 | L17: ='+238 seg'!$K$26 -> 0.0014142136 | O17: ='+238 seg'!$B$27 -> 0.0035 | P17: ='+238 seg'!$C$27 -> 0.00070710678 | Q17: ='+238 seg'!$D$27 -> 0.003 | R17: ='+238 seg'!$E$27 -> 9.8130779e-18 | S17: ='+238 seg'!$F$27 -> 0.0045 | T17: ='+238 seg'!$G$27 -> 0.00070710678 | U17: ='+238 seg'!$H$27 -> 0.0045 | V17: ='+238 seg'!$I$27 -> 0.0021213203 | W17: ='+238 seg'!$L$26 -> -0.0005 | X17: ='+238 seg'!$M$26 -> 0.0049497475
B18: 260 | C18: ='+260 seg'!$B$26 -> 0.004 | D18: ='+260 seg'!$C$26 -> 0.0014142136 | E18: ='+260 seg'!$D$26 -> 0.0055 | F18: ='+260 seg'!$E$26 -> 0.0049497475 | G18: ='+260 seg'!$F$26 -> 0.0075 | H18: ='+260 seg'!$G$26 -> 0.0035355339 | I18: ='+260 seg'!$H$26 -> 0.003 | J18: ='+260 seg'!$I$26 -> 0.0014142136 | K18: ='+260 seg'!$J$26 -> -0.0005 | L18: ='+260 seg'!$K$26 -> 0.00070710678 | O18: ='+260 seg'!$B$27 -> 0.0025 | P18: ='+260 seg'!$C$27 -> 0.00070710678 | Q18: ='+260 seg'!$D$27 -> 0.0055 | R18: ='+260 seg'!$E$27 -> 0.0021213203 | S18: ='+260 seg'!$F$27 -> 0.0055 | T18: ='+260 seg'!$G$27 -> 0.00070710678 | U18: ='+260 seg'!$H$27 -> 0.0045 | V18: ='+260 seg'!$I$27 -> 0.0021213203 | W18: ='+260 seg'!$L$26 -> -0.001 | X18: ='+260 seg'!$M$26 -> 0.0042426407
B19: 279 | C19: ='+279 seg'!$B$26 -> 0.0045 | D19: ='+279 seg'!$C$26 -> 0.0021213203 | E19: ='+279 seg'!$D$26 -> 0.0025 | F19: ='+279 seg'!$E$26 -> 0.010606602 | G19: ='+279 seg'!$F$26 -> 0.008 | H19: ='+279 seg'!$G$26 -> 0.0042426407 | I19: ='+279 seg'!$H$26 -> 0.003 | J19: ='+279 seg'!$I$26 -> 0.0014142136 | K19: ='+279 seg'!$J$26 -> -0.0005 | L19: ='+279 seg'!$K$26 -> 0.00070710678 | O19: ='+279 seg'!$B$27 -> 0.0035 | P19: ='+279 seg'!$C$27 -> 0.00070710678 | Q19: ='+279 seg'!$D$27 -> 0.005 | R19: ='+279 seg'!$E$27 -> 0.0014142136 | S19: ='+279 seg'!$F$27 -> 0.0065 | T19: ='+279 seg'!$G$27 -> 0.00070710678 | U19: ='+279 seg'!$H$27 -> 0.005 | V19: ='+279 seg'!$I$27 -> 0.0028284271 | W19: ='+279 seg'!$L$26 -> -0.0005 | X19: ='+279 seg'!$M$26 -> 0.0049497475
B20: 300 | C20: ='+300 seg'!$B$26 -> 0.0055 | D20: ='+300 seg'!$C$26 -> 0.00070710678 | E20: ='+300 seg'!$D$26 -> 0.011 | F20: ='+300 seg'!$E$26 -> 0.0014142136 | G20: ='+300 seg'!$F$26 -> 0.0085 | H20: ='+300 seg'!$G$26 -> 0.0035355339 | I20: ='+300 seg'!$H$26 -> 0.003 | J20: ='+300 seg'!$I$26 -> 0.0014142136 | K20: ='+300 seg'!$J$26 -> -0.0005 | L20: ='+300 seg'!$K$26 -> 0.00070710678 | O20: ='+300 seg'!$B$27 -> 0.0055 | P20: ='+300 seg'!$C$27 -> 0.0021213203 | Q20: ='+300 seg'!$D$27 -> 0.005 | R20: ='+300 seg'!$E$27 -> 0.0014142136 | S20: ='+300 seg'!$F$27 -> 0.0065 | T20: ='+300 seg'!$G$27 -> 0.00070710678 | U20: ='+300 seg'!$H$27 -> 0.005 | V20: ='+300 seg'!$I$27 -> 0.0028284271 | W20: ='+300 seg'!$L$26 -> 3.469447e-18 | X20: ='+300 seg'!$M$26 -> 0.0042426407
B21: 326 | C21: ='+326 seg'!$B$26 -> 0.006 | D21: ='+326 seg'!$C$26 -> 0 | E21: ='+326 seg'!$D$26 -> 0.007 | F21: ='+326 seg'!$E$26 -> 0.0042426407 | G21: ='+326 seg'!$F$26 -> 0.009 | H21: ='+326 seg'!$G$26 -> 0.0042426407 | I21: ='+326 seg'!$H$26 -> 0.003 | J21: ='+326 seg'!$I$26 -> 0.0014142136 | K21: ='+326 seg'!$J$26 -> -0.0005 | L21: ='+326 seg'!$K$26 -> 0.00070710678 | O21: ='+326 seg'!$B$27 -> 0.004 | P21: ='+326 seg'!$C$27 -> 1.9626156e-17 | Q21: ='+326 seg'!$D$27 -> 0.006 | R21: ='+326 seg'!$E$27 -> 9.8130779e-18 | S21: ='+326 seg'!$F$27 -> 0.007 | T21: ='+326 seg'!$G$27 -> 0.0014142136 | U21: ='+326 seg'!$H$27 -> 0.006 | V21: ='+326 seg'!$I$27 -> 0.0028284271 | W21: ='+326 seg'!$L$26 -> 3.469447e-18 | X21: ='+326 seg'!$M$26 -> 0.0042426407
B22: 367 | C22: ='+367 seg'!$B$26 -> 0.0055 | D22: ='+367 seg'!$C$26 -> 0.00070710678 | E22: ='+367 seg'!$D$26 -> 0.01 | F22: ='+367 seg'!$E$26 -> 0 | G22: ='+367 seg'!$F$26 -> 0.0105 | H22: ='+367 seg'!$G$26 -> 0.0049497475 | I22: ='+367 seg'!$H$26 -> 0.003 | J22: ='+367 seg'!$I$26 -> 0.0014142136 | K22: ='+367 seg'!$J$26 -> 0 | L22: ='+367 seg'!$K$26 -> 0 | O22: ='+367 seg'!$B$27 -> 0.0075 | P22: ='+367 seg'!$C$27 -> 0.0049497475 | Q22: ='+367 seg'!$D$27 -> 0.0055 | R22: ='+367 seg'!$E$27 -> 0.0021213203 | S22: ='+367 seg'!$F$27 -> 0.0075 | T22: ='+367 seg'!$G$27 -> 0.00070710678 | U22: ='+367 seg'!$H$27 -> 0.006 | V22: ='+367 seg'!$I$27 -> 0.0028284271 | W22: ='+367 seg'!$L$26 -> 3.469447e-18 | X22: ='+367 seg'!$M$26 -> 0.0042426407
B23: 431 | C23: ='+431 seg'!$B$26 -> 0.0065 | D23: ='+431 seg'!$C$26 -> 0.00070710678 | E23: ='+431 seg'!$D$26 -> 0.0095 | F23: ='+431 seg'!$E$26 -> 0.0021213203 | G23: ='+431 seg'!$F$26 -> 0.011 | H23: ='+431 seg'!$G$26 -> 0.0056568542 | I23: ='+431 seg'!$H$26 -> 0.0025 | J23: ='+431 seg'!$I$26 -> 0.00070710678 | K23: ='+431 seg'!$J$26 -> -0.0005 | L23: ='+431 seg'!$K$26 -> 0.00070710678 | O23: ='+431 seg'!$B$27 -> 0.0075 | P23: ='+431 seg'!$C$27 -> 0.0049497475 | Q23: ='+431 seg'!$D$27 -> 0.006 | R23: ='+431 seg'!$E$27 -> 0.0014142136 | S23: ='+431 seg'!$F$27 -> 0.0085 | T23: ='+431 seg'!$G$27 -> 0.00070710678 | U23: ='+431 seg'!$H$27 -> 0.0065 | V23: ='+431 seg'!$I$27 -> 0.0035355339 | W23: ='+431 seg'!$L$26 -> 3.469447e-18 | X23: ='+431 seg'!$M$26 -> 0.0042426407
B24: 518 | C24: ='+518 seg'!$B$26 -> 0.007 | D24: ='+518 seg'!$C$26 -> 0 | E24: ='+518 seg'!$D$26 -> 0.009 | F24: ='+518 seg'!$E$26 -> 0.0028284271 | G24: ='+518 seg'!$F$26 -> 0.0125 | H24: ='+518 seg'!$G$26 -> 0.006363961 | I24: ='+518 seg'!$H$26 -> 0.003 | J24: ='+518 seg'!$I$26 -> 9.8130779e-18 | K24: ='+518 seg'!$J$26 -> -0.0005 | L24: ='+518 seg'!$K$26 -> 0.00070710678 | O24: ='+518 seg'!$B$27 -> 0.0055 | P24: ='+518 seg'!$C$27 -> 0.00070710678 | Q24: ='+518 seg'!$D$27 -> 0.0105 | R24: ='+518 seg'!$E$27 -> 0.0035355339 | S24: ='+518 seg'!$F$27 -> 0.01 | T24: ='+518 seg'!$G$27 -> 0.0014142136 | U24: ='+518 seg'!$H$27 -> 0.0065 | V24: ='+518 seg'!$I$27 -> 0.0035355339 | W24: ='+518 seg'!$L$26 -> 0.0005 | X24: ='+518 seg'!$M$26 -> 0.0049497475
B25: 549 | C25: ='+549 seg'!$B$26 -> 0.0075 | D25: ='+549 seg'!$C$26 -> 0.00070710678 | E25: ='+549 seg'!$D$26 -> 0.011 | F25: ='+549 seg'!$E$26 -> 0 | G25: ='+549 seg'!$F$26 -> 0.0135 | H25: ='+549 seg'!$G$26 -> 0.006363961 | I25: ='+549 seg'!$H$26 -> 0.003 | J25: ='+549 seg'!$I$26 -> 9.8130779e-18 | K25: ='+549 seg'!$J$26 -> -0.0005 | L25: ='+549 seg'!$K$26 -> 0.00070710678 | O25: ='+549 seg'!$B$27 -> 0.0095 | P25: ='+549 seg'!$C$27 -> 0.0049497475 | Q25: ='+549 seg'!$D$27 -> 0.006 | R25: ='+549 seg'!$E$27 -> 0.0028284271 | S25: ='+549 seg'!$F$27 -> 0.0115 | T25: ='+549 seg'!$G$27 -> 0.00070710678 | U25: ='+549 seg'!$H$27 -> 0.007 | V25: ='+549 seg'!$I$27 -> 0.0028284271 | W25: ='+549 seg'!$L$26 -> 0.0005 | X25: ='+549 seg'!$M$26 -> 0.0049497475
B26: 605 | C26: ='+605 seg'!$B$26 -> 0.0085 | D26: ='+605 seg'!$C$26 -> 0.00070710678 | E26: ='+605 seg'!$D$26 -> 0.0075 | F26: ='+605 seg'!$E$26 -> 0.0049497475 | G26: ='+605 seg'!$F$26 -> 0.015 | H26: ='+605 seg'!$G$26 -> 0.0056568542 | I26: ='+605 seg'!$H$26 -> 0.003 | J26: ='+605 seg'!$I$26 -> 9.8130779e-18 | K26: ='+605 seg'!$J$26 -> 0 | L26: ='+605 seg'!$K$26 -> 0.0014142136 | O26: ='+605 seg'!$B$27 -> 0.008 | P26: ='+605 seg'!$C$27 -> 0.0014142136 | Q26: ='+605 seg'!$D$27 -> 0.0055 | R26: ='+605 seg'!$E$27 -> 0.0035355339 | S26: ='+605 seg'!$F$27 -> 0.012 | T26: ='+605 seg'!$G$27 -> 0.0014142136 | U26: ='+605 seg'!$H$27 -> 0.007 | V26: ='+605 seg'!$I$27 -> 0.0028284271 | W26: ='+605 seg'!$L$26 -> 0.0005 | X26: ='+605 seg'!$M$26 -> 0.0049497475
B27: 658 | C27: ='+658 seg'!$B$26 -> 0.009 | D27: ='+658 seg'!$C$26 -> 0 | E27: ='+658 seg'!$D$26 -> 0.011 | F27: ='+658 seg'!$E$26 -> 0 | G27: ='+658 seg'!$F$26 -> 0.016 | H27: ='+658 seg'!$G$26 -> 0.0056568542 | I27: ='+658 seg'!$H$26 -> 0.0035 | J27: ='+658 seg'!$I$26 -> 0.00070710678 | K27: ='+658 seg'!$J$26 -> 0.0015 | L27: ='+658 seg'!$K$26 -> 0.0021213203 | O27: ='+658 seg'!$B$27 -> 0.008 | P27: ='+658 seg'!$C$27 -> 0.0014142136 | Q27: ='+658 seg'!$D$27 -> 0.0085 | R27: ='+658 seg'!$E$27 -> 0.0049497475 | S27: ='+658 seg'!$F$27 -> 0.013 | T27: ='+658 seg'!$G$27 -> 0.0014142136 | U27: ='+658 seg'!$H$27 -> 0.0075 | V27: ='+658 seg'!$I$27 -> 0.0035355339 | W27: ='+658 seg'!$L$26 -> 0.0005 | X27: ='+658 seg'!$M$26 -> 0.0049497475
B32: Tiempo | C32: C1 | D32: errC1 | E32: C3 | F32: errC3 | G32: C5 | H32: errC5 | I32: C7 | J32: errC7 | O32: D1 | P32: errD1 | Q32: D3 | R32: errD3 | S32: D5 | T32: errD5 | U32: D7 | V32: errD7
B33: 0 | C33: ='+0 seg'!$B$28 -> 0 | D33: ='+0 seg'!$C$28 -> 0 | E33: ='+0 seg'!$D$28 -> 0 | F33: ='+0 seg'!$E$28 -> 0 | G33: ='+0 seg'!$F$28 -> 0 | H33: ='+0 seg'!$G$28 -> 0 | I33: ='+0 seg'!$H$28 -> 0 | J33: ='+0 seg'!$I$28 -> 0 | O33: ='+0 seg'!$B$29 -> 0 | P33: ='+0 seg'!$C$29 -> 0 | Q33: ='+0 seg'!$D$29 -> 0 | R33: ='+0 seg'!$E$29 -> 0 | S33: ='+0 seg'!$F$29 -> 0 | T33: ='+0 seg'!$G$29 -> 0 | U33: ='+0 seg'!$H$29 -> 0 | V33: ='+0 seg'!$I$29 -> 0
B34: 23 | C34: ='+23 seg'!$B$28 -> 0.001 | D34: ='+23 seg'!$C$28 -> 0.0014142136 | E34: ='+23 seg'!$D$28 -> 0.0005 | F34: ='+23 seg'!$E$28 -> 0.0021213203 | G34: ='+23 seg'!$F$28 -> -0.0015 | H34: ='+23 seg'!$G$28 -> 0.0021213203 | I34: ='+23 seg'!$H$28 -> -0.0005 | J34: ='+23 seg'!$I$28 -> 0.0021213203 | O34: ='+23 seg'!$B$29 -> 0.001 | P34: ='+23 seg'!$C$29 -> 1.9626156e-17 | Q34: ='+23 seg'!$D$29 -> 0.0005 | R34: ='+23 seg'!$E$29 -> 0.00070710678 | S34: ='+23 seg'!$F$29 -> 0.0025 | T34: ='+23 seg'!$G$29 -> 0.0021213203 | U34: ='+23 seg'!$H$29 -> 0.0005 | V34: ='+23 seg'!$I$29 -> 0.0035355339
B35: 42 | C35: ='+42 seg'!$B$28 -> 0.001 | D35: ='+42 seg'!$C$28 -> 0.0014142136 | E35: ='+42 seg'!$D$28 -> 0.001 | F35: ='+42 seg'!$E$28 -> 0.0014142136 | G35: ='+42 seg'!$F$28 -> -0.002 | H35: ='+42 seg'!$G$28 -> 0.0028284271 | I35: ='+42 seg'!$H$28 -> -0.0005 | J35: ='+42 seg'!$I$28 -> 0.0035355339 | O35: ='+42 seg'!$B$29 -> 0.0015 | P35: ='+42 seg'!$C$29 -> 0.00070710678 | Q35: ='+42 seg'!$D$29 -> 0.0005 | R35: ='+42 seg'!$E$29 -> 0.00070710678 | S35: ='+42 seg'!$F$29 -> 0.003 | T35: ='+42 seg'!$G$29 -> 0.0028284271 | U35: ='+42 seg'!$H$29 -> 0.0005 | V35: ='+42 seg'!$I$29 -> 0.0021213203
B36: 61 | C36: ='+61 seg'!$B$28 -> 0.0015 | D36: ='+61 seg'!$C$28 -> 0.0021213203 | E36: ='+61 seg'!$D$28 -> 0.0025 | F36: ='+61 seg'!$E$28 -> 0.0021213203 | G36: ='+61 seg'!$F$28 -> -0.0025 | H36: ='+61 seg'!$G$28 -> 0.0049497475 | I36: ='+61 seg'!$H$28 -> -0.0005 | J36: ='+61 seg'!$I$28 -> 0.0035355339 | O36: ='+61 seg'!$B$29 -> 0.002 | P36: ='+61 seg'!$C$29 -> 1.9626156e-17 | Q36: ='+61 seg'!$D$29 -> 0.001 | R36: ='+61 seg'!$E$29 -> 0.0014142136 | S36: ='+61 seg'!$F$29 -> 0.004 | T36: ='+61 seg'!$G$29 -> 0.0028284271 | U36: ='+61 seg'!$H$29 -> 0.002 | V36: ='+61 seg'!$I$29 -> 0
B37: 81 | C37: ='+81 seg'!$B$28 -> 0.0025 | D37: ='+81 seg'!$C$28 -> 0.0021213203 | E37: ='+81 seg'!$D$28 -> 0.002 | F37: ='+81 seg'!$E$28 -> 0.0028284271 | G37: ='+81 seg'!$F$28 -> -0.003 | H37: ='+81 seg'!$G$28 -> 0.0056568542 | I37: ='+81 seg'!$H$28 -> -0.001 | J37: ='+81 seg'!$I$28 -> 0.0056568542 | O37: ='+81 seg'!$B$29 -> 0.0025 | P37: ='+81 seg'!$C$29 -> 0.00070710678 | Q37: ='+81 seg'!$D$29 -> 0.0005 | R37: ='+81 seg'!$E$29 -> 0.00070710678 | S37: ='+81 seg'!$F$29 -> 0.0045 | T37: ='+81 seg'!$G$29 -> 0.0035355339 | U37: ='+81 seg'!$H$29 -> 0.001 | V37: ='+81 seg'!$I$29 -> 0.0014142136
B38: 101 | C38: ='+101 seg'!$B$28 -> 0.003 | D38: ='+101 seg'!$C$28 -> 0.0028284271 | E38: ='+101 seg'!$D$28 -> 0.002 | F38: ='+101 seg'!$E$28 -> 0.0028284271 | G38: ='+101 seg'!$F$28 -> -0.0025 | H38: ='+101 seg'!$G$28 -> 0.006363961 | I38: ='+101 seg'!$H$28 -> -0.001 | J38: ='+101 seg'!$I$28 -> 0.0056568542 | O38: ='+101 seg'!$B$29 -> 0.0035 | P38: ='+101 seg'!$C$29 -> 0.00070710678 | Q38: ='+101 seg'!$D$29 -> 0.001 | R38: ='+101 seg'!$E$29 -> 0 | S38: ='+101 seg'!$F$29 -> 0.006 | T38: ='+101 seg'!$G$29 -> 0.0042426407 | U38: ='+101 seg'!$H$29 -> 0.0015 | V38: ='+101 seg'!$I$29 -> 0.0021213203
B39: 120 | C39: ='+120 seg'!$B$28 -> 0.0035 | D39: ='+120 seg'!$C$28 -> 0.0035355339 | E39: ='+120 seg'!$D$28 -> 0.002 | F39: ='+120 seg'!$E$28 -> 0.0028284271 | G39: ='+120 seg'!$F$28 -> -0.0025 | H39: ='+120 seg'!$G$28 -> 0.006363961 | I39: ='+120 seg'!$H$28 -> -0.0015 | J39: ='+120 seg'!$I$28 -> 0.006363961 | O39: ='+120 seg'!$B$29 -> 0.004 | P39: ='+120 seg'!$C$29 -> 1.9626156e-17 | Q39: ='+120 seg'!$D$29 -> 0.0005 | R39: ='+120 seg'!$E$29 -> 0.00070710678 | S39: ='+120 seg'!$F$29 -> 0.0065 | T39: ='+120 seg'!$G$29 -> 0.0049497475 | U39: ='+120 seg'!$H$29 -> 0.002 | V39: ='+120 seg'!$I$29 -> 0.0028284271
B40: 140 | C40: ='+140 seg'!$B$28 -> 0.0045 | D40: ='+140 seg'!$C$28 -> 0.0035355339 | E40: ='+140 seg'!$D$28 -> 0.0015 | F40: ='+140 seg'!$E$28 -> 0.0035355339 | G40: ='+140 seg'!$F$28 -> -0.002 | H40: ='+140 seg'!$G$28 -> 0.0070710678 | I40: ='+140 seg'!$H$28 -> -0.0005 | J40: ='+140 seg'!$I$28 -> 0.0077781746 | O40: ='+140 seg'!$B$29 -> 0.0055 | P40: ='+140 seg'!$C$29 -> 0.00070710678 | Q40: ='+140 seg'!$D$29 -> 0.0005 | R40: ='+140 seg'!$E$29 -> 0.00070710678 | S40: ='+140 seg'!$F$29 -> 0.007 | T40: ='+140 seg'!$G$29 -> 0.0056568542 | U40: ='+140 seg'!$H$29 -> 0.002 | V40: ='+140 seg'!$I$29 -> 0.0014142136
B41: 158 | C41: ='+158 seg'!$B$28 -> 0.0045 | D41: ='+158 seg'!$C$28 -> 0.0035355339 | E41: ='+158 seg'!$D$28 -> 0.002 | F41: ='+158 seg'!$E$28 -> 0.0042426407 | G41: ='+158 seg'!$F$28 -> -0.002 | H41: ='+158 seg'!$G$28 -> 0.0070710678 | I41: ='+158 seg'!$H$28 -> -0.0005 | J41: ='+158 seg'!$I$28 -> 0.0077781746 | O41: ='+158 seg'!$B$29 -> 0.0055 | P41: ='+158 seg'!$C$29 -> 0.00070710678 | Q41: ='+158 seg'!$D$29 -> 0.001 | R41: ='+158 seg'!$E$29 -> 0 | S41: ='+158 seg'!$F$29 -> 0.0075 | T41: ='+158 seg'!$G$29 -> 0.006363961 | U41: ='+158 seg'!$H$29 -> 0.0015 | V41: ='+158 seg'!$I$29 -> 0.0021213203
B42: 178 | C42: ='+178 seg'!$B$28 -> 0.005 | D42: ='+178 seg'!$C$28 -> 0.0042426407 | E42: ='+178 seg'!$D$28 -> 0.0015 | F42: ='+178 seg'!$E$28 -> 0.0035355339 | G42: ='+178 seg'!$F$28 -> -0.0015 | H42: ='+178 seg'!$G$28 -> 0.0077781746 | I42: ='+178 seg'!$H$28 -> -0.001 | J42: ='+178 seg'!$I$28 -> 0.0084852814 | O42: ='+178 seg'!$B$29 -> 0.0075 | P42: ='+178 seg'!$C$29 -> 0.0021213203 | Q42: ='+178 seg'!$D$29 -> 0.0005 | R42: ='+178 seg'!$E$29 -> 0.00070710678 | S42: ='+178 seg'!$F$29 -> 0.009 | T42: ='+178 seg'!$G$29 -> 0.0056568542 | U42: ='+178 seg'!$H$29 -> 0.003 | V42: ='+178 seg'!$I$29 -> 0.0028284271
B43: 198 | C43: ='+198 seg'!$B$28 -> 0.0055 | D43: ='+198 seg'!$C$28 -> 0.0049497475 | E43: ='+198 seg'!$D$28 -> 0.0015 | F43: ='+198 seg'!$E$28 -> 0.0035355339 | G43: ='+198 seg'!$F$28 -> -0.001 | H43: ='+198 seg'!$G$28 -> 0.0070710678 | I43: ='+198 seg'!$H$28 -> -0.001 | J43: ='+198 seg'!$I$28 -> 0.0084852814 | O43: ='+198 seg'!$B$29 -> 0.006 | P43: ='+198 seg'!$C$29 -> 1.9626156e-17 | Q43: ='+198 seg'!$D$29 -> 0.0005 | R43: ='+198 seg'!$E$29 -> 0.00070710678 | S43: ='+198 seg'!$F$29 -> 0.0095 | T43: ='+198 seg'!$G$29 -> 0.006363961 | U43: ='+198 seg'!$H$29 -> 0.0025 | V43: ='+198 seg'!$I$29 -> 0.0021213203
B44: 219 | C44: ='+219 seg'!$B$28 -> 0.0055 | D44: ='+219 seg'!$C$28 -> 0.0049497475 | E44: ='+219 seg'!$D$28 -> 0.0015 | F44: ='+219 seg'!$E$28 -> 0.0035355339 | G44: ='+219 seg'!$F$28 -> -0.0005 | H44: ='+219 seg'!$G$28 -> 0.0077781746 | I44: ='+219 seg'!$H$28 -> 0 | J44: ='+219 seg'!$I$28 -> 0.0084852814 | O44: ='+219 seg'!$B$29 -> 0.007 | P44: ='+219 seg'!$C$29 -> 1.9626156e-17 | Q44: ='+219 seg'!$D$29 -> 0.0005 | R44: ='+219 seg'!$E$29 -> 0.00070710678 | S44: ='+219 seg'!$F$29 -> 0.0105 | T44: ='+219 seg'!$G$29 -> 0.006363961 | U44: ='+219 seg'!$H$29 -> 0.002 | V44: ='+219 seg'!$I$29 -> 0.0014142136
B45: 238 | C45: ='+238 seg'!$B$28 -> 0.0055 | D45: ='+238 seg'!$C$28 -> 0.0049497475 | E45: ='+238 seg'!$D$28 -> 0.002 | F45: ='+238 seg'!$E$28 -> 0.0042426407 | G45: ='+238 seg'!$F$28 -> -0.0005 | H45: ='+238 seg'!$G$28 -> 0.0077781746 | I45: ='+238 seg'!$H$28 -> -0.001 | J45: ='+238 seg'!$I$28 -> 0.0084852814 | O45: ='+238 seg'!$B$29 -> 0.009 | P45: ='+238 seg'!$C$29 -> 0.0028284271 | Q45: ='+238 seg'!$D$29 -> 0.0005 | R45: ='+238 seg'!$E$29 -> 0.00070710678 | S45: ='+238 seg'!$F$29 -> 0.011 | T45: ='+238 seg'!$G$29 -> 0.0070710678 | U45: ='+238 seg'!$H$29 -> 0.002 | V45: ='+238 seg'!$I$29 -> 0
B46: 260 | C46: ='[1]+280 seg'!$B$28 -> #REF! | D46: ='+260 seg'!$C$28 -> 0.0056568542 | E46: ='+260 seg'!$D$28 -> 0.0025 | F46: ='+260 seg'!$E$28 -> 0.0035355339 | G46: ='+260 seg'!$F$28 -> -6.9388939e-18 | H46: ='+260 seg'!$G$28 -> 0.0070710678 | I46: ='+260 seg'!$H$28 -> -0.0005 | J46: ='+260 seg'!$I$28 -> 0.0091923882 | O46: ='+260 seg'!$B$29 -> 0.009 | P46: ='+260 seg'!$C$29 -> 0.0014142136 | Q46: ='+260 seg'!$D$29 -> 0.0015 | R46: ='+260 seg'!$E$29 -> 0.00070710678 | S46: ='+260 seg'!$F$29 -> 0.012 | T46: ='+260 seg'!$G$29 -> 0.0070710678 | U46: ='+260 seg'!$H$29 -> 0.0025 | V46: ='+260 seg'!$I$29 -> 0.00070710678
B47: 279 | C47: ='+279 seg'!$B$28 -> 0.0065 | D47: ='+279 seg'!$C$28 -> 0.0049497475 | E47: ='+279 seg'!$D$28 -> 0.002 | F47: ='+279 seg'!$E$28 -> 0.0042426407 | G47: ='+279 seg'!$F$28 -> 0.0005 | H47: ='+279 seg'!$G$28 -> 0.0077781746 | I47: ='+279 seg'!$H$28 -> -0.0005 | J47: ='+279 seg'!$I$28 -> 0.0091923882 | O47: ='+279 seg'!$B$29 -> 0.01 | P47: ='+279 seg'!$C$29 -> 0.0028284271 | Q47: ='+279 seg'!$D$29 -> 0.0015 | R47: ='+279 seg'!$E$29 -> 0.00070710678 | S47: ='+279 seg'!$F$29 -> 0.0135 | T47: ='+279 seg'!$G$29 -> 0.0077781746 | U47: ='+279 seg'!$H$29 -> 0.0025 | V47: ='+279 seg'!$I$29 -> 0.00070710678
B48: 300 | C48: ='+300 seg'!$B$28 -> 0.007 | D48: ='+300 seg'!$C$28 -> 0.0056568542 | E48: ='+300 seg'!$D$28 -> 0.0025 | F48: ='+300 seg'!$E$28 -> 0.0035355339 | G48: ='+300 seg'!$F$28 -> 0.0005 | H48: ='+300 seg'!$G$28 -> 0.0077781746 | I48: ='+300 seg'!$H$28 -> -0.001 | J48: ='+300 seg'!$I$28 -> 0.0084852814 | O48: ='+300 seg'!$B$29 -> 0.009 | P48: ='+300 seg'!$C$29 -> 1.9626156e-17 | Q48: ='+300 seg'!$D$29 -> 0.002 | R48: ='+300 seg'!$E$29 -> 0 | S48: ='+300 seg'!$F$29 -> 0.014 | T48: ='+300 seg'!$G$29 -> 0.0070710678 | U48: ='+300 seg'!$H$29 -> 0.0025 | V48: ='+300 seg'!$I$29 -> 0.00070710678
B49: 326 | C49: ='+326 seg'!$B$28 -> 0.007 | D49: ='+326 seg'!$C$28 -> 0.0056568542 | E49: ='+326 seg'!$D$28 -> 0.0025 | F49: ='+326 seg'!$E$28 -> 0.0035355339 | G49: ='+326 seg'!$F$28 -> 0.001 | H49: ='+326 seg'!$G$28 -> 0.0084852814 | I49: ='+326 seg'!$H$28 -> -0.001 | J49: ='+326 seg'!$I$28 -> 0.0084852814 | O49: ='+326 seg'!$B$29 -> 0.01 | P49: ='+326 seg'!$C$29 -> 0.0014142136 | Q49: ='+326 seg'!$D$29 -> 0.002 | R49: ='+326 seg'!$E$29 -> 0 | S49: ='+326 seg'!$F$29 -> 0.0145 | T49: ='+326 seg'!$G$29 -> 0.0077781746 | U49: ='+326 seg'!$H$29 -> 0.003 | V49: ='+326 seg'!$I$29 -> 9.8130779e-18
B50: 367 | C50: ='+367 seg'!$B$28 -> 0.0075 | D50: ='+367 seg'!$C$28 -> 0.0049497475 | E50: ='+367 seg'!$D$28 -> 0.0035 | F50: ='+367 seg'!$E$28 -> 0.0035355339 | G50: ='+367 seg'!$F$28 -> 0.0015 | H50: ='+367 seg'!$G$28 -> 0.0077781746 | I50: ='+367 seg'!$H$28 -> -0.0005 | J50: ='+367 seg'!$I$28 -> 0.0091923882 | O50: ='+367 seg'!$B$29 -> 0.01 | P50: ='+367 seg'!$C$29 -> 1.9626156e-17 | Q50: ='+367 seg'!$D$29 -> 0.002 | R50: ='+367 seg'!$E$29 -> 0 | S50: ='+367 seg'!$F$29 -> 0.016 | T50: ='+367 seg'!$G$29 -> 0.0084852814 | U50: ='+367 seg'!$H$29 -> 0.003 | V50: ='+367 seg'!$I$29 -> 9.8130779e-18
B51: 431 | C51: ='+431 seg'!$B$28 -> 0.0075 | D51: ='+431 seg'!$C$28 -> 0.006363961 | E51: ='+431 seg'!$D$28 -> 0.0045 | F51: ='+431 seg'!$E$28 -> 0.0021213203 | G51: ='+431 seg'!$F$28 -> 0.002 | H51: ='+431 seg'!$G$28 -> 0.0084852814 | I51: ='+431 seg'!$H$28 -> 0 | J51: ='+431 seg'!$I$28 -> 0.0098994949 | O51: ='+431 seg'!$B$29 -> 0.011 | P51: ='+431 seg'!$C$29 -> 1.9626156e-17 | Q51: ='+431 seg'!$D$29 -> 0.002 | R51: ='+431 seg'!$E$29 -> 0 | S51: ='+431 seg'!$F$29 -> 0.017 | T51: ='+431 seg'!$G$29 -> 0.0098994949 | U51: ='+431 seg'!$H$29 -> 0.0035 | V51: ='+431 seg'!$I$29 -> 0.00070710678
B52: 518 | C52: ='+518 seg'!$B$28 -> 0.009 | D52: ='+518 seg'!$C$28 -> 0.0056568542 | E52: ='+518 seg'!$D$28 -> 0.004 | F52: ='+518 seg'!$E$28 -> 0.0028284271 | G52: ='+518 seg'!$F$28 -> 0.0035 | H52: ='+518 seg'!$G$28 -> 0.0091923882 | I52: ='+518 seg'!$H$28 -> -0.001 | J52: ='+518 seg'!$I$28 -> 0.0084852814 | O52: ='+518 seg'!$B$29 -> 0.0135 | P52: ='+518 seg'!$C$29 -> 0.00070710678 | Q52: ='+518 seg'!$D$29 -> 0.002 | R52: ='+518 seg'!$E$29 -> 0 | S52: ='+518 seg'!$F$29 -> 0.0195 | T52: ='+518 seg'!$G$29 -> 0.010606602 | U52: ='+518 seg'!$H$29 -> 0.0045 | V52: ='+518 seg'!$I$29 -> 0.00070710678
B53: 549 | C53: ='+549 seg'!$B$28 -> 0.009 | D53: ='+549 seg'!$C$28 -> 0.0056568542 | E53: ='+549 seg'!$D$28 -> 0.004 | F53: ='+549 seg'!$E$28 -> 0.0028284271 | G53: ='+549 seg'!$F$28 -> 0.004 | H53: ='+549 seg'!$G$28 -> 0.0084852814 | I53: ='+549 seg'!$H$28 -> -0.001 | J53: ='+549 seg'!$I$28 -> 0.0098994949 | O53: ='+549 seg'!$B$29 -> 0.0145 | P53: ='+549 seg'!$C$29 -> 0.00070710678 | Q53: ='+549 seg'!$D$29 -> 0.003 | R53: ='+549 seg'!$E$29 -> 0 | S53: ='+549 seg'!$F$29 -> 0.02 | T53: ='+549 seg'!$G$29 -> 0.011313708 | U53: ='+549 seg'!$H$29 -> 0.0045 | V53: ='+549 seg'!$I$29 -> 0.00070710678
B54: 605 | C54: ='+605 seg'!$B$28 -> 0.0095 | D54: ='+605 seg'!$C$28 -> 0.006363961 | E54: ='+605 seg'!$D$28 -> 0.004 | F54: ='+605 seg'!$E$28 -> 0.0028284271 | G54: ='+605 seg'!$F$28 -> 0.0045 | H54: ='+605 seg'!$G$28 -> 0.0091923882 | I54: ='+605 seg'!$H$28 -> -0.0005 | J54: ='+605 seg'!$I$28 -> 0.0091923882 | O54: ='+605 seg'!$B$29 -> 0.0145 | P54: ='+605 seg'!$C$29 -> 0.00070710678 | Q54: ='+605 seg'!$D$29 -> 0.003 | R54: ='+605 seg'!$E$29 -> 0 | S54: ='+605 seg'!$F$29 -> 0.0215 | T54: ='+605 seg'!$G$29 -> 0.012020815 | U54: ='+605 seg'!$H$29 -> 0.005 | V54: ='+605 seg'!$I$29 -> 0.0014142136
B55: 658 | C55: ='+658 seg'!$B$28 -> 0.01 | D55: ='+658 seg'!$C$28 -> 0.0056568542 | E55: ='+658 seg'!$D$28 -> 0.005 | F55: ='+658 seg'!$E$28 -> 0.0014142136 | G55: ='+658 seg'!$F$28 -> 0.0055 | H55: ='+658 seg'!$G$28 -> 0.0091923882 | I55: ='+658 seg'!$H$28 -> -0.0005 | J55: ='+658 seg'!$I$28 -> 0.0091923882 | O55: ='+658 seg'!$B$29 -> 0.0175 | P55: ='+658 seg'!$C$29 -> 0.0021213203 | Q55: ='+658 seg'!$D$29 -> 0.0025 | R55: ='+658 seg'!$E$29 -> 0.00070710678 | S55: ='+658 seg'!$F$29 -> 0.0225 | T55: ='+658 seg'!$G$29 -> 0.013435029 | U55: ='+658 seg'!$H$29 -> 0.005 | V55: ='+658 seg'!$I$29 -> 0.0014142136
B60: Tiempo | C60: E1 | D60: errE1 | E60: E3 | F60: errE3 | G60: E5 | H60: errE5 | I60: E7 | J60: errE7 | K60: Blanco E9 | L60: err E9 | O60: F1 | P60: errF1 | Q60: F3 | R60: errF3 | S60: F5 | T60: errF5 | U60: F7 | V60: errF7 | W60: Blanco E10 | X60: err E10
B61: 0 | C61: ='+0 seg'!$B$30 -> 0 | D61: ='+0 seg'!$C$30 -> 0 | E61: ='+0 seg'!$D$30 -> 0 | F61: ='+0 seg'!$E$30 -> 0 | G61: ='+0 seg'!$F$30 -> 0 | H61: ='+0 seg'!$G$30 -> 0 | I61: ='+0 seg'!$H$30 -> 0 | J61: ='+0 seg'!$I$30 -> 0 | K61: ='+0 seg'!$J$30 -> 0 | L61: ='+0 seg'!$K$30 -> 0 | O61: ='+0 seg'!$B$31 -> 0 | P61: ='+0 seg'!$C$31 -> 0 | Q61: ='+0 seg'!$D$31 -> 0 | R61: ='+0 seg'!$E$31 -> 0 | S61: ='+0 seg'!$F$31 -> 0 | T61: ='+0 seg'!$G$31 -> 0 | U61: ='+0 seg'!$H$31 -> 0 | V61: ='+0 seg'!$I$31 -> 0 | W61: ='+0 seg'!$L$30 -> 0 | X61: ='+0 seg'!$M$30 -> 0
B62: 23 | C62: ='+23 seg'!$B$30 -> -0.0005 | D62: ='+23 seg'!$C$30 -> 0.0035355339 | E62: ='+23 seg'!$D$30 -> 0.0005 | F62: ='+23 seg'!$E$30 -> 0.00070710678 | G62: ='+23 seg'!$F$30 -> 0.0015 | H62: ='+23 seg'!$G$30 -> 0.00070710678 | I62: ='+23 seg'!$H$30 -> -0.0005 | J62: ='+23 seg'!$I$30 -> 0.00070710678 | K62: ='+23 seg'!$J$30 -> -0.0005 | L62: ='+23 seg'!$K$30 -> 0.00070710678 | O62: ='+23 seg'!$B$31 -> 0.0015 | P62: ='+23 seg'!$C$31 -> 0.0049497475 | Q62: ='+23 seg'!$D$31 -> -0.0005 | R62: ='+23 seg'!$E$31 -> 0.00070710678 | S62: ='+23 seg'!$F$31 -> 0.001 | T62: ='+23 seg'!$G$31 -> 0.0014142136 | U62: ='+23 seg'!$H$31 -> 0 | V62: ='+23 seg'!$I$31 -> 0 | W62: ='+23 seg'!$L$30 -> 0 | X62: ='+23 seg'!$M$30 -> 0
B63: 42 | C63: ='+42 seg'!$B$30 -> 0 | D63: ='+42 seg'!$C$30 -> 0.0028284271 | E63: ='+42 seg'!$D$30 -> 0.001 | F63: ='+42 seg'!$E$30 -> 0 | G63: ='+42 seg'!$F$30 -> 0.0025 | H63: ='+42 seg'!$G$30 -> 0.00070710678 | I63: ='+42 seg'!$H$30 -> 0.0005 | J63: ='+42 seg'!$I$30 -> 0.0035355339 | K63: ='+42 seg'!$J$30 -> -0.0005 | L63: ='+42 seg'!$K$30 -> 0.00070710678 | O63: ='+42 seg'!$B$31 -> 0.0035 | P63: ='+42 seg'!$C$31 -> 0.0049497475 | Q63: ='+42 seg'!$D$31 -> -0.0005 | R63: ='+42 seg'!$E$31 -> 0.00070710678 | S63: ='+42 seg'!$F$31 -> 0.0015 | T63: ='+42 seg'!$G$31 -> 0.00070710678 | U63: ='+42 seg'!$H$31 -> 0.0005 | V63: ='+42 seg'!$I$31 -> 0.0021213203 | W63: ='+42 seg'!$L$30 -> -0.0005 | X63: ='+42 seg'!$M$30 -> 0.00070710678
B64: 61 | C64: ='+61 seg'!$B$30 -> -0.001 | D64: ='+61 seg'!$C$30 -> 0.0028284271 | E64: ='+61 seg'!$D$30 -> 0.002 | F64: ='+61 seg'!$E$30 -> 0.0014142136 | G64: ='+61 seg'!$F$30 -> 0.0045 | H64: ='+61 seg'!$G$30 -> 0.00070710678 | I64: ='+61 seg'!$H$30 -> 0 | J64: ='+61 seg'!$I$30 -> 0.0028284271 | K64: ='+61 seg'!$J$30 -> -0.0005 | L64: ='+61 seg'!$K$30 -> 0.00070710678 | O64: ='+61 seg'!$B$31 -> 0.003 | P64: ='+61 seg'!$C$31 -> 0.0042426407 | Q64: ='+61 seg'!$D$31 -> -0.001 | R64: ='+61 seg'!$E$31 -> 0.0014142136 | S64: ='+61 seg'!$F$31 -> 0.0015 | T64: ='+61 seg'!$G$31 -> 0.00070710678 | U64: ='+61 seg'!$H$31 -> 3.469447e-18 | V64: ='+61 seg'!$I$31 -> 0.0014142136 | W64: ='+61 seg'!$L$30 -> 0 | X64: ='+61 seg'!$M$30 -> 0
B65: 81 | C65: ='+81 seg'!$B$30 -> 0.0005 | D65: ='+81 seg'!$C$30 -> 0.0021213203 | E65: ='+81 seg'!$D$30 -> 0.002 | F65: ='+81 seg'!$E$30 -> 0 | G65: ='+81 seg'!$F$30 -> 0.005 | H65: ='+81 seg'!$G$30 -> 0.0014142136 | I65: ='+81 seg'!$H$30 -> 0.0005 | J65: ='+81 seg'!$I$30 -> 0.006363961 | K65: ='+81 seg'!$J$30 -> -0.001 | L65: ='+81 seg'!$K$30 -> 4.9065389e-18 | O65: ='+81 seg'!$B$31 -> 0.003 | P65: ='+81 seg'!$C$31 -> 0.0028284271 | Q65: ='+81 seg'!$D$31 -> -0.001 | R65: ='+81 seg'!$E$31 -> 0.0028284271 | S65: ='+81 seg'!$F$31 -> 0.002 | T65: ='+81 seg'!$G$31 -> 0.0014142136 | U65: ='+81 seg'!$H$31 -> 0.0005 | V65: ='+81 seg'!$I$31 -> 0.0021213203 | W65: ='+81 seg'!$L$30 -> 0 | X65: ='+81 seg'!$M$30 -> 0
B66: 101 | C66: ='+101 seg'!$B$30 -> 0.001 | D66: ='+101 seg'!$C$30 -> 0.0014142136 | E66: ='+101 seg'!$D$30 -> 0.003 | F66: ='+101 seg'!$E$30 -> 0 | G66: ='+101 seg'!$F$30 -> 0.0065 | H66: ='+101 seg'!$G$30 -> 0.0021213203 | I66: ='+101 seg'!$H$30 -> 0.002 | J66: ='+101 seg'!$I$30 -> 0.0070710678 | K66: ='+101 seg'!$J$30 -> -0.0005 | L66: ='+101 seg'!$K$30 -> 0.00070710678 | O66: ='+101 seg'!$B$31 -> 0.0035 | P66: ='+101 seg'!$C$31 -> 0.0021213203 | Q66: ='+101 seg'!$D$31 -> -0.001 | R66: ='+101 seg'!$E$31 -> 0.0028284271 | S66: ='+101 seg'!$F$31 -> 0.003 | T66: ='+101 seg'!$G$31 -> 0.0014142136 | U66: ='+101 seg'!$H$31 -> 0.0015 | V66: ='+101 seg'!$I$31 -> 0.0035355339 | W66: ='+101 seg'!$L$30 -> -0.0005 | X66: ='+101 seg'!$M$30 -> 0.00070710678
B67: 120 | C67: ='+120 seg'!$B$30 -> 0.0015 | D67: ='+120 seg'!$C$30 -> 0.00070710678 | E67: ='+120 seg'!$D$30 -> 0.003 | F67: ='+120 seg'!$E$30 -> 0 | G67: ='+120 seg'!$F$30 -> 0.0075 | H67: ='+120 seg'!$G$30 -> 0.00070710678 | I67: ='+120 seg'!$H$30 -> 0.001 | J67: ='+120 seg'!$I$30 -> 0.0084852814 | K67: ='+120 seg'!$J$30 -> -0.001 | L67: ='+120 seg'!$K$30 -> 4.9065389e-18 | O67: ='+120 seg'!$B$31 -> 0.004 | P67: ='+120 seg'!$C$31 -> 0.0014142136 | Q67: ='+120 seg'!$D$31 -> -0.001 | R67: ='+120 seg'!$E$31 -> 0.0028284271 | S67: ='+120 seg'!$F$31 -> 0.0035 | T67: ='+120 seg'!$G$31 -> 0.0021213203 | U67: ='+120 seg'!$H$31 -> 0.001 | V67: ='+120 seg'!$I$31 -> 0.0028284271 | W67: ='+120 seg'!$L$30 -> 0 | X67: ='+120 seg'!$M$30 -> 0
B68: 140 | C68: ='+140 seg'!$B$30 -> -0.001 | D68: ='+140 seg'!$C$30 -> 0.0056568542 | E68: ='+140 seg'!$D$30 -> 0.0035 | F68: ='+140 seg'!$E$30 -> 0.00070710678 | G68: ='+140 seg'!$F$30 -> 0.009 | H68: ='+140 seg'!$G$30 -> 0.0014142136 | I68: ='+140 seg'!$H$30 -> 0.002 | J68: ='+140 seg'!$I$30 -> 0.0098994949 | K68: ='+140 seg'!$J$30 -> -0.0005 | L68: ='+140 seg'!$K$30 -> 0.00070710678 | O68: ='+140 seg'!$B$31 -> 0.003 | P68: ='+140 seg'!$C$31 -> 0.0014142136 | Q68: ='+140 seg'!$D$31 -> 0 | R68: ='+140 seg'!$E$31 -> 0.0028284271 | S68: ='+140 seg'!$F$31 -> 0.0035 | T68: ='+140 seg'!$G$31 -> 0.0021213203 | U68: ='+140 seg'!$H$31 -> 0.001 | V68: ='+140 seg'!$I$31 -> 0.0042426407 | W68: ='+140 seg'!$L$30 -> 0 | X68: ='+140 seg'!$M$30 -> 0
B69: 158 | C69: ='+158 seg'!$B$30 -> -0.0005 | D69: ='+158 seg'!$C$30 -> 0.0035355339 | E69: ='+158 seg'!$D$30 -> 0.004 | F69: ='+158 seg'!$E$30 -> 0.0014142136 | G69: ='+158 seg'!$F$30 -> 0.01 | H69: ='+158 seg'!$G$30 -> 0.0014142136 | I69: ='+158 seg'!$H$30 -> 0.0025 | J69: ='+158 seg'!$I$30 -> 0.012020815 | K69: ='+158 seg'!$J$30 -> -0.0005 | L69: ='+158 seg'!$K$30 -> 0.00070710678 | O69: ='+158 seg'!$B$31 -> 0.0035 | P69: ='+158 seg'!$C$31 -> 0.0021213203 | Q69: ='+158 seg'!$D$31 -> 0 | R69: ='+158 seg'!$E$31 -> 0.0028284271 | S69: ='+158 seg'!$F$31 -> 0.005 | T69: ='+158 seg'!$G$31 -> 0.0042426407 | U69: ='+158 seg'!$H$31 -> 0.001 | V69: ='+158 seg'!$I$31 -> 0.0042426407 | W69: ='+158 seg'!$L$30 -> 0 | X69: ='+158 seg'!$M$30 -> 0
B70: 178 | C70: ='+178 seg'!$B$30 -> 0.0005 | D70: ='+178 seg'!$C$30 -> 0.00070710678 | E70: ='+178 seg'!$D$30 -> 0.0045 | F70: ='+178 seg'!$E$30 -> 0.0021213203 | G70: ='+178 seg'!$F$30 -> 0.011 | H70: ='+178 seg'!$G$30 -> 0.0014142136 | I70: ='+178 seg'!$H$30 -> 0.003 | J70: ='+178 seg'!$I$30 -> 0.012727922 | K70: ='+178 seg'!$J$30 -> -0.001 | L70: ='+178 seg'!$K$30 -> 0.0014142136 | O70: ='+178 seg'!$B$31 -> 0.004 | P70: ='+178 seg'!$C$31 -> 0.0014142136 | Q70: ='+178 seg'!$D$31 -> 0 | R70: ='+178 seg'!$E$31 -> 0.0042426407 | S70: ='+178 seg'!$F$31 -> 0.0045 | T70: ='+178 seg'!$G$31 -> 0.0021213203 | U70: ='+178 seg'!$H$31 -> 0.001 | V70: ='+178 seg'!$I$31 -> 0.0056568542 | W70: ='+178 seg'!$L$30 -> 0.0005 | X70: ='+178 seg'!$M$30 -> 0.00070710678
B71: 198 | C71: ='+198 seg'!$B$30 -> 0.002 | D71: ='+198 seg'!$C$30 -> 0.0014142136 | E71: ='+198 seg'!$D$30 -> 0.0045 | F71: ='+198 seg'!$E$30 -> 0.0021213203 | G71: ='+198 seg'!$F$30 -> 0.012 | H71: ='+198 seg'!$G$30 -> 9.8130779e-18 | I71: ='+198 seg'!$H$30 -> 0.0035 | J71: ='+198 seg'!$I$30 -> 0.013435029 | K71: ='+198 seg'!$J$30 -> -0.0005 | L71: ='+198 seg'!$K$30 -> 0.00070710678 | O71: ='+198 seg'!$B$31 -> 0.0045 | P71: ='+198 seg'!$C$31 -> 0.00070710678 | Q71: ='+198 seg'!$D$31 -> 0 | R71: ='+198 seg'!$E$31 -> 0.0042426407 | S71: ='+198 seg'!$F$31 -> 0.0055 | T71: ='+198 seg'!$G$31 -> 0.0035355339 | U71: ='+198 seg'!$H$31 -> 0.0005 | V71: ='+198 seg'!$I$31 -> 0.0049497475 | W71: ='+198 seg'!$L$30 -> 0.0005 | X71: ='+198 seg'!$M$30 -> 0.00070710678
B72: 219 | C72: ='+219 seg'!$B$30 -> 0.0005 | D72: ='+219 seg'!$C$30 -> 0.00070710678 | E72: ='+219 seg'!$D$30 -> 0.0045 | F72: ='+219 seg'!$E$30 -> 0.0021213203 | G72: ='+219 seg'!$F$30 -> 0.012 | H72: ='+219 seg'!$G$30 -> 0.0014142136 | I72: ='+219 seg'!$H$30 -> 0.004 | J72: ='+219 seg'!$I$30 -> 0.012727922 | K72: ='+219 seg'!$J$30 -> -0.0015 | L72: ='+219 seg'!$K$30 -> 0.00070710678 | O72: ='+219 seg'!$B$31 -> 0.004 | P72: ='+219 seg'!$C$31 -> 0.0014142136 | Q72: ='+219 seg'!$D$31 -> 0.0005 | R72: ='+219 seg'!$E$31 -> 0.0049497475 | S72: ='+219 seg'!$F$31 -> 0.005 | T72: ='+219 seg'!$G$31 -> 0.0028284271 | U72: ='+219 seg'!$H$31 -> 0.001 | V72: ='+219 seg'!$I$31 -> 0.0042426407 | W72: ='+219 seg'!$L$30 -> 0.0005 | X72: ='+219 seg'!$M$30 -> 0.00070710678
B73: 238 | C73: ='+238 seg'!$B$30 -> 0.0005 | D73: ='+238 seg'!$C$30 -> 0.00070710678 | E73: ='+238 seg'!$D$30 -> 0.0045 | F73: ='+238 seg'!$E$30 -> 0.0035355339 | G73: ='+238 seg'!$F$30 -> 0.0135 | H73: ='+238 seg'!$G$30 -> 0.00070710678 | I73: ='+238 seg'!$H$30 -> 0.003 | J73: ='+238 seg'!$I$30 -> 0.014142136 | K73: ='+238 seg'!$J$30 -> -0.001 | L73: ='+238 seg'!$K$30 -> 0.0014142136 | O73: ='+238 seg'!$B$31 -> 0.0045 | P73: ='+238 seg'!$C$31 -> 0.0021213203 | Q73: ='+238 seg'!$D$31 -> 0 | R73: ='+238 seg'!$E$31 -> 0.0056568542 | S73: ='+238 seg'!$F$31 -> 0.0065 | T73: ='+238 seg'!$G$31 -> 0.0035355339 | U73: ='+238 seg'!$H$31 -> 0.0005 | V73: ='+238 seg'!$I$31 -> 0.0049497475 | W73: ='+238 seg'!$L$30 -> 0.0005 | X73: ='+238 seg'!$M$30 -> 0.00070710678
B74: 260 | C74: ='+260 seg'!$B$30 -> 0.0005 | D74: ='+260 seg'!$C$30 -> 0.0021213203 | E74: ='+260 seg'!$D$30 -> 0.005 | F74: ='+260 seg'!$E$30 -> 0.0042426407 | G74: ='+260 seg'!$F$30 -> 0.013 | H74: ='+260 seg'!$G$30 -> 0.0028284271 | I74: ='+260 seg'!$H$30 -> 0.0035 | J74: ='+260 seg'!$I$30 -> 0.013435029 | K74: ='+260 seg'!$J$30 -> -0.0005 | L74: ='+260 seg'!$K$30 -> 0.0021213203 | O74: ='+260 seg'!$B$31 -> 0.005 | P74: ='+260 seg'!$C$31 -> 0.0014142136 | Q74: ='+260 seg'!$D$31 -> 0.001 | R74: ='+260 seg'!$E$31 -> 0.0056568542 | S74: ='+260 seg'!$F$31 -> 0.0065 | T74: ='+260 seg'!$G$31 -> 0.0035355339 | U74: ='+260 seg'!$H$31 -> 0.0005 | V74: ='+260 seg'!$I$31 -> 0.0049497475 | W74: ='+260 seg'!$L$30 -> 0.0005 | X74: ='+260 seg'!$M$30 -> 0.00070710678
B75: 279 | C75: ='+279 seg'!$B$30 -> -0.001 | D75: ='+279 seg'!$C$30 -> 0.0042426407 | E75: ='+279 seg'!$D$30 -> 0.0045 | F75: ='+279 seg'!$E$30 -> 0.0035355339 | G75: ='+279 seg'!$F$30 -> 0.0145 | H75: ='+279 seg'!$G$30 -> 0.0021213203 | I75: ='+279 seg'!$H$30 -> 0.0035 | J75: ='+279 seg'!$I$30 -> 0.014849242 | K75: ='+279 seg'!$J$30 -> -0.001 | L75: ='+279 seg'!$K$30 -> 0.0014142136 | O75: ='+279 seg'!$B$31 -> 0.005 | P75: ='+279 seg'!$C$31 -> 0.0014142136 | Q75: ='+279 seg'!$D$31 -> 0.001 | R75: ='+279 seg'!$E$31 -> 0.0056568542 | S75: ='+279 seg'!$F$31 -> 0.007 | T75: ='+279 seg'!$G$31 -> 0.0028284271 | U75: ='+279 seg'!$H$31 -> 3.469447e-18 | V75: ='+279 seg'!$I$31 -> 0.0042426407 | W75: ='+279 seg'!$L$30 -> 0.0005 | X75: ='+279 seg'!$M$30 -> 0.00070710678
B76: 300 | C76: ='+300 seg'!$B$30 -> 0.0005 | D76: ='+300 seg'!$C$30 -> 0.0021213203 | E76: ='+300 seg'!$D$30 -> 0.0075 | F76: ='+300 seg'!$E$30 -> 0.0035355339 | G76: ='+300 seg'!$F$30 -> 0.0145 | H76: ='+300 seg'!$G$30 -> 0.0035355339 | I76: ='+300 seg'!$H$30 -> 0.0035 | J76: ='+300 seg'!$I$30 -> 0.013435029 | K76: ='+300 seg'!$J$30 -> -0.001 | L76: ='+300 seg'!$K$30 -> 0.0014142136 | O76: ='+300 seg'!$B$31 -> 0.005 | P76: ='+300 seg'!$C$31 -> 0.0014142136 | Q76: ='+300 seg'!$D$31 -> 0.0015 | R76: ='+300 seg'!$E$31 -> 0.006363961 | S76: ='+300 seg'!$F$31 -> 0.0075 | T76: ='+300 seg'!$G$31 -> 0.0035355339 | U76: ='+300 seg'!$H$31 -> -0.0005 | V76: ='+300 seg'!$I$31 -> 0.0035355339 | W76: ='+300 seg'!$L$30 -> 0.0015 | X76: ='+300 seg'!$M$30 -> 0.00070710678
B77: 326 | C77: ='+326 seg'!$B$30 -> 0.001 | D77: ='+326 seg'!$C$30 -> 0.0014142136 | E77: ='+326 seg'!$D$30 -> 0.007 | F77: ='+326 seg'!$E$30 -> 0.0056568542 | G77: ='+326 seg'!$F$30 -> 0.0155 | H77: ='+326 seg'!$G$30 -> 0.0021213203 | I77: ='+326 seg'!$H$30 -> 0.003 | J77: ='+326 seg'!$I$30 -> 0.014142136 | K77: ='+326 seg'!$J$30 -> -0.0015 | L77: ='+326 seg'!$K$30 -> 0.0021213203 | O77: ='+326 seg'!$B$31 -> 0.006 | P77: ='+326 seg'!$C$31 -> 0.0014142136 | Q77: ='+326 seg'!$D$31 -> 0.0015 | R77: ='+326 seg'!$E$31 -> 0.0077781746 | S77: ='+326 seg'!$F$31 -> 0.0075 | T77: ='+326 seg'!$G$31 -> 0.0035355339 | U77: ='+326 seg'!$H$31 -> -0.0015 | V77: ='+326 seg'!$I$31 -> 0.0035355339 | W77: ='+326 seg'!$L$30 -> 0.001 | X77: ='+326 seg'!$M$30 -> 0
B78: 367 | C78: ='+367 seg'!$B$30 -> -0.0005 | D78: ='+367 seg'!$C$30 -> 0.0035355339 | E78: ='+367 seg'!$D$30 -> 0.007 | F78: ='+367 seg'!$E$30 -> 0.0056568542 | G78: ='+367 seg'!$F$30 -> 0.015 | H78: ='+367 seg'!$G$30 -> 0.0042426407 | I78: ='+367 seg'!$H$30 -> 0.0035 | J78: ='+367 seg'!$I$30 -> 0.013435029 | K78: ='+367 seg'!$J$30 -> -0.001 | L78: ='+367 seg'!$K$30 -> 0.0014142136 | O78: ='+367 seg'!$B$31 -> 0.0055 | P78: ='+367 seg'!$C$31 -> 0.0021213203 | Q78: ='+367 seg'!$D$31 -> 0.0025 | R78: ='+367 seg'!$E$31 -> 0.0077781746 | S78: ='+367 seg'!$F$31 -> 0.0085 | T78: ='+367 seg'!$G$31 -> 0.0035355339 | U78: ='+367 seg'!$H$31 -> -0.0015 | V78: ='+367 seg'!$I$31 -> 0.0021213203 | W78: ='+367 seg'!$L$30 -> 0.0015 | X78: ='+367 seg'!$M$30 -> 0.00070710678
B79: 431 | C79: ='+431 seg'!$B$30 -> -0.001 | D79: ='+431 seg'!$C$30 -> 0.0042426407 | E79: ='+431 seg'!$D$30 -> 0.0085 | F79: ='+431 seg'!$E$30 -> 0.006363961 | G79: ='+431 seg'!$F$30 -> 0.015 | H79: ='+431 seg'!$G$30 -> 0.0042426407 | I79: ='+431 seg'!$H$30 -> 0.0035 | J79: ='+431 seg'!$I$30 -> 0.013435029 | K79: ='+431 seg'!$J$30 -> -0.0015 | L79: ='+431 seg'!$K$30 -> 0.00070710678 | O79: ='+431 seg'!$B$31 -> 0.006 | P79: ='+431 seg'!$C$31 -> 0.0028284271 | Q79: ='+431 seg'!$D$31 -> 0.003 | R79: ='+431 seg'!$E$31 -> 0.0084852814 | S79: ='+431 seg'!$F$31 -> 0.0095 | T79: ='+431 seg'!$G$31 -> 0.0035355339 | U79: ='+431 seg'!$H$31 -> -0.002 | V79: ='+431 seg'!$I$31 -> 0.0028284271 | W79: ='+431 seg'!$L$30 -> 0.001 | X79: ='+431 seg'!$M$30 -> 0.0014142136
B80: 518 | C80: ='+518 seg'!$B$30 -> 0.003 | D80: ='+518 seg'!$C$30 -> 0.0014142136 | E80: ='+518 seg'!$D$30 -> 0.0085 | F80: ='+518 seg'!$E$30 -> 0.0077781746 | G80: ='+518 seg'!$F$30 -> 0.016 | H80: ='+518 seg'!$G$30 -> 0.0042426407 | I80: ='+518 seg'!$H$30 -> 0.0035 | J80: ='+518 seg'!$I$30 -> 0.013435029 | K80: ='+518 seg'!$J$30 -> -0.001 | L80: ='+518 seg'!$K$30 -> 0.0014142136 | O80: ='+518 seg'!$B$31 -> 0.007 | P80: ='+518 seg'!$C$31 -> 0.0028284271 | Q80: ='+518 seg'!$D$31 -> 0.003 | R80: ='+518 seg'!$E$31 -> 0.0098994949 | S80: ='+518 seg'!$F$31 -> 0.01 | T80: ='+518 seg'!$G$31 -> 0.0028284271 | U80: ='+518 seg'!$H$31 -> -0.0025 | V80: ='+518 seg'!$I$31 -> 0.0021213203 | W80: ='+518 seg'!$L$30 -> 0.001 | X80: ='+518 seg'!$M$30 -> 0.0014142136
B81: 549 | C81: ='+549 seg'!$B$30 -> 0.0035 | D81: ='+549 seg'!$C$30 -> 0.00070710678 | E81: ='+549 seg'!$D$30 -> 0.0095 | F81: ='+549 seg'!$E$30 -> 0.006363961 | G81: ='+549 seg'!$F$30 -> 0.0155 | H81: ='+549 seg'!$G$30 -> 0.0049497475 | I81: ='+549 seg'!$H$30 -> 0.003 | J81: ='+549 seg'!$I$30 -> 0.012727922 | K81: ='+549 seg'!$J$30 -> -0.0015 | L81: ='+549 seg'!$K$30 -> 0.0021213203 | O81: ='+549 seg'!$B$31 -> 0.0075 | P81: ='+549 seg'!$C$31 -> 0.0035355339 | Q81: ='+549 seg'!$D$31 -> 0.004 | R81: ='+549 seg'!$E$31 -> 0.0098994949 | S81: ='+549 seg'!$F$31 -> 0.011 | T81: ='+549 seg'!$G$31 -> 0.0028284271 | U81: ='+549 seg'!$H$31 -> -0.003 | V81: ='+549 seg'!$I$31 -> 0.0014142136 | W81: ='+549 seg'!$L$30 -> 0.001 | X81: ='+549 seg'!$M$30 -> 0.0014142136
B82: 605 | C82: ='+605 seg'!$B$30 -> 0.0025 | D82: ='+605 seg'!$C$30 -> 0.0021213203 | E82: ='+605 seg'!$D$30 -> 0.0095 | F82: ='+605 seg'!$E$30 -> 0.006363961 | G82: ='+605 seg'!$F$30 -> 0.015 | H82: ='+605 seg'!$G$30 -> 0.0042426407 | I82: ='+605 seg'!$H$30 -> 0.003 | J82: ='+605 seg'!$I$30 -> 0.012727922 | K82: ='+605 seg'!$J$30 -> -0.0015 | L82: ='+605 seg'!$K$30 -> 0.00070710678 | O82: ='+605 seg'!$B$31 -> 0.0085 | P82: ='+605 seg'!$C$31 -> 0.0035355339 | Q82: ='+605 seg'!$D$31 -> 0.0035 | R82: ='+605 seg'!$E$31 -> 0.010606602 | S82: ='+605 seg'!$F$31 -> 0.012 | T82: ='+605 seg'!$G$31 -> 0.0028284271 | U82: ='+605 seg'!$H$31 -> -0.003 | V82: ='+605 seg'!$I$31 -> 0.0014142136 | W82: ='+605 seg'!$L$30 -> 0.001 | X82: ='+605 seg'!$M$30 -> 0.0014142136
B83: 658 | C83: ='+658 seg'!$B$30 -> 0.006 | D83: ='+658 seg'!$C$30 -> 0.0014142136 | E83: ='+658 seg'!$D$30 -> 0.0095 | F83: ='+658 seg'!$E$30 -> 0.006363961 | G83: ='+658 seg'!$F$30 -> 0.015 | H83: ='+658 seg'!$G$30 -> 0.0042426407 | I83: ='+658 seg'!$H$30 -> 0.0035 | J83: ='+658 seg'!$I$30 -> 0.013435029 | K83: ='+658 seg'!$J$30 -> -0.0015 | L83: ='+658 seg'!$K$30 -> 0.0021213203 | O83: ='+658 seg'!$B$31 -> 0.0095 | P83: ='+658 seg'!$C$31 -> 0.0021213203 | Q83: ='+658 seg'!$D$31 -> 0.004 | R83: ='+658 seg'!$E$31 -> 0.0098994949 | S83: ='+658 seg'!$F$31 -> 0.012 | T83: ='+658 seg'!$G$31 -> 0.0014142136 | U83: ='+658 seg'!$H$31 -> -0.003 | V83: ='+658 seg'!$I$31 -> 0.0014142136 | W83: ='+658 seg'!$L$30 -> 0.0015 | X83: ='+658 seg'!$M$30 -> 0.0021213203
B87: Tiempo | C87: G1 | D87: errG1 | E87: G3 | F87: errG3 | G87: G5 | H87: errG5 | I87: G7 | J87: errG7 | O87: H1 | P87: errH1 | Q87: H3 | R87: errH3 | S87: H5 | T87: errH5 | U87: H7 | V87: errH7
B88: 0 | C88: ='+0 seg'!$B$32 -> 0 | D88: ='+0 seg'!$C$32 -> 0 | E88: ='+0 seg'!$D$32 -> 0 | F88: ='+0 seg'!$E$32 -> 0 | G88: ='+0 seg'!$F$32 -> 0 | H88: ='+0 seg'!$G$32 -> 0 | I88: ='+0 seg'!$H$32 -> 0 | J88: ='+0 seg'!$I$32 -> 0 | O88: ='+0 seg'!$B$33 -> 0 | P88: ='+0 seg'!$C$33 -> 0 | Q88: ='+0 seg'!$D$33 -> 0 | R88: ='+0 seg'!$E$33 -> 0 | S88: ='+0 seg'!$F$33 -> 0 | T88: ='+0 seg'!$G$33 -> 0 | U88: ='+0 seg'!$H$33 -> 0 | V88: ='+0 seg'!$I$33 -> 0
B89: 23 | C89: ='+23 seg'!$B$32 -> 0.0015 | D89: ='+23 seg'!$C$32 -> 0.00070710678 | E89: ='+23 seg'!$D$32 -> 0.001 | F89: ='+23 seg'!$E$32 -> 0 | G89: ='+23 seg'!$F$32 -> 0.001 | H89: ='+23 seg'!$G$32 -> 0 | I89: ='+23 seg'!$H$32 -> 0 | J89: ='+23 seg'!$I$32 -> 0 | O89: ='+23 seg'!$B$33 -> 0.0075 | P89: ='+23 seg'!$C$33 -> 0.0077781746 | Q89: ='+23 seg'!$D$33 -> -0.0005 | R89: ='+23 seg'!$E$33 -> 0.00070710678 | S89: ='+23 seg'!$F$33 -> 0.0025 | T89: ='+23 seg'!$G$33 -> 0.0035355339 | U89: ='+23 seg'!$H$33 -> 0 | V89: ='+23 seg'!$I$33 -> 0
B90: 42 | C90: ='+42 seg'!$B$32 -> 0.0015 | D90: ='+42 seg'!$C$32 -> 0.00070710678 | E90: ='+42 seg'!$D$32 -> 0.001 | F90: ='+42 seg'!$E$32 -> 0 | G90: ='+42 seg'!$F$32 -> 0.002 | H90: ='+42 seg'!$G$32 -> 0.0014142136 | I90: ='+42 seg'!$H$32 -> 0 | J90: ='+42 seg'!$I$32 -> 0 | O90: ='+42 seg'!$B$33 -> 0.006 | P90: ='+42 seg'!$C$33 -> 0.021213203 | Q90: ='+42 seg'!$D$33 -> -0.0005 | R90: ='+42 seg'!$E$33 -> 0.00070710678 | S90: ='+42 seg'!$F$33 -> 0.0045 | T90: ='+42 seg'!$G$33 -> 0.0049497475 | U90: ='+42 seg'!$H$33 -> 0 | V90: ='+42 seg'!$I$33 -> 0
B91: 61 | C91: ='+61 seg'!$B$32 -> 0.002 | D91: ='+61 seg'!$C$32 -> 0.0014142136 | E91: ='+61 seg'!$D$32 -> 0.0015 | F91: ='+61 seg'!$E$32 -> 0.00070710678 | G91: ='+61 seg'!$F$32 -> 0.0025 | H91: ='+61 seg'!$G$32 -> 0.00070710678 | I91: ='+61 seg'!$H$32 -> 0 | J91: ='+61 seg'!$I$32 -> 0 | O91: ='+61 seg'!$B$33 -> 0.003 | P91: ='+61 seg'!$C$33 -> 0.021213203 | Q91: ='+61 seg'!$D$33 -> -0.001 | R91: ='+61 seg'!$E$33 -> 0 | S91: ='+61 seg'!$F$33 -> 0.006 | T91: ='+61 seg'!$G$33 -> 0.0056568542 | U91: ='+61 seg'!$H$33 -> 0.0005 | V91: ='+61 seg'!$I$33 -> 0.00070710678
B92: 81 | C92: ='+81 seg'!$B$32 -> 0.003 | D92: ='+81 seg'!$C$32 -> 0.0014142136 | E92: ='+81 seg'!$D$32 -> 0.0015 | F92: ='+81 seg'!$E$32 -> 0.00070710678 | G92: ='+81 seg'!$F$32 -> 0.003 | H92: ='+81 seg'!$G$32 -> 0.0014142136 | I92: ='+81 seg'!$H$32 -> 0.001 | J92: ='+81 seg'!$I$32 -> 9.8130779e-18 | O92: ='+81 seg'!$B$33 -> 0.01 | P92: ='+81 seg'!$C$33 -> 0.0056568542 | Q92: ='+81 seg'!$D$33 -> -0.001 | R92: ='+81 seg'!$E$33 -> 0 | S92: ='+81 seg'!$F$33 -> 0.0075 | T92: ='+81 seg'!$G$33 -> 0.006363961 | U92: ='+81 seg'!$H$33 -> 0.001 | V92: ='+81 seg'!$I$33 -> 0
B93: 101 | C93: ='+101 seg'!$B$32 -> 0.004 | D93: ='+101 seg'!$C$32 -> 0.0014142136 | E93: ='+101 seg'!$D$32 -> 0.0025 | F93: ='+101 seg'!$E$32 -> 0.00070710678 | G93: ='+101 seg'!$F$32 -> 0.004 | H93: ='+101 seg'!$G$32 -> 0.0014142136 | I93: ='+101 seg'!$H$32 -> 0.001 | J93: ='+101 seg'!$I$32 -> 9.8130779e-18 | O93: ='+101 seg'!$B$33 -> 0.0025 | P93: ='+101 seg'!$C$33 -> 0.016263456 | Q93: ='+101 seg'!$D$33 -> -0.001 | R93: ='+101 seg'!$E$33 -> 0 | S93: ='+101 seg'!$F$33 -> 0.01 | T93: ='+101 seg'!$G$33 -> 0.0070710678 | U93: ='+101 seg'!$H$33 -> 0.001 | V93: ='+101 seg'!$I$33 -> 0
B94: 120 | C94: ='+120 seg'!$B$32 -> 0.004 | D94: ='+120 seg'!$C$32 -> 0.0028284271 | E94: ='+120 seg'!$D$32 -> 0.0025 | F94: ='+120 seg'!$E$32 -> 0.00070710678 | G94: ='+120 seg'!$F$32 -> 0.0045 | H94: ='+120 seg'!$G$32 -> 0.0021213203 | I94: ='+120 seg'!$H$32 -> 0.0005 | J94: ='+120 seg'!$I$32 -> 0.00070710678 | O94: ='+120 seg'!$B$33 -> 0.001 | P94: ='+120 seg'!$C$33 -> 0.021213203 | Q94: ='+120 seg'!$D$33 -> -0.0005 | R94: ='+120 seg'!$E$33 -> 0.00070710678 | S94: ='+120 seg'!$F$33 -> 0.0115 | T94: ='+120 seg'!$G$33 -> 0.0077781746 | U94: ='+120 seg'!$H$33 -> 0.001 | V94: ='+120 seg'!$I$33 -> 0
B95: 140 | C95: ='+140 seg'!$B$32 -> 0.0035 | D95: ='+140 seg'!$C$32 -> 0.0035355339 | E95: ='+140 seg'!$D$32 -> 0.0035 | F95: ='+140 seg'!$E$32 -> 0.00070710678 | G95: ='+140 seg'!$F$32 -> 0.0055 | H95: ='+140 seg'!$G$32 -> 0.0021213203 | I95: ='+140 seg'!$H$32 -> 0.0005 | J95: ='+140 seg'!$I$32 -> 0.00070710678 | O95: ='+140 seg'!$B$33 -> 0.002 | P95: ='+140 seg'!$C$33 -> 0.021213203 | Q95: ='+140 seg'!$D$33 -> -0.0005 | R95: ='+140 seg'!$E$33 -> 0.00070710678 | S95: ='+140 seg'!$F$33 -> 0.0135 | T95: ='+140 seg'!$G$33 -> 0.010606602 | U95: ='+140 seg'!$H$33 -> 0.001 | V95: ='+140 seg'!$I$33 -> 0
B96: 158 | C96: ='+158 seg'!$B$32 -> 0.005 | D96: ='+158 seg'!$C$32 -> 0.0028284271 | E96: ='+158 seg'!$D$32 -> 0.003 | F96: ='+158 seg'!$E$32 -> 0.0014142136 | G96: ='+158 seg'!$F$32 -> 0.006 | H96: ='+158 seg'!$G$32 -> 0.0028284271 | I96: ='+158 seg'!$H$32 -> 0.001 | J96: ='+158 seg'!$I$32 -> 9.8130779e-18 | O96: ='+158 seg'!$B$33 -> 0.006 | P96: ='+158 seg'!$C$33 -> 0.016970563 | Q96: ='+158 seg'!$D$33 -> 0 | R96: ='+158 seg'!$E$33 -> 0.0014142136 | S96: ='+158 seg'!$F$33 -> 0.014 | T96: ='+158 seg'!$G$33 -> 0.011313708 | U96: ='+158 seg'!$H$33 -> 0.002 | V96: ='+158 seg'!$I$33 -> 0.0014142136
B97: 178 | C97: ='+178 seg'!$B$32 -> 0.005 | D97: ='+178 seg'!$C$32 -> 0.0028284271 | E97: ='+178 seg'!$D$32 -> 0.004 | F97: ='+178 seg'!$E$32 -> 0.0014142136 | G97: ='+178 seg'!$F$32 -> 0.0065 | H97: ='+178 seg'!$G$32 -> 0.0021213203 | I97: ='+178 seg'!$H$32 -> 0.0005 | J97: ='+178 seg'!$I$32 -> 0.00070710678 | O97: ='+178 seg'!$B$33 -> 0.004 | P97: ='+178 seg'!$C$33 -> 0.022627417 | Q97: ='+178 seg'!$D$33 -> 0.0005 | R97: ='+178 seg'!$E$33 -> 0.0021213203 | S97: ='+178 seg'!$F$33 -> 0.0155 | T97: ='+178 seg'!$G$33 -> 0.013435029 | U97: ='+178 seg'!$H$33 -> 0.002 | V97: ='+178 seg'!$I$33 -> 0
B98: 198 | C98: ='+198 seg'!$B$32 -> 0.0055 | D98: ='+198 seg'!$C$32 -> 0.0035355339 | E98: ='+198 seg'!$D$32 -> 0.004 | F98: ='+198 seg'!$E$32 -> 0.0014142136 | G98: ='+198 seg'!$F$32 -> 0.007 | H98: ='+198 seg'!$G$32 -> 0.0028284271 | I98: ='+198 seg'!$H$32 -> 0.001 | J98: ='+198 seg'!$I$32 -> 9.8130779e-18 | O98: ='+198 seg'!$B$33 -> 0.008 | P98: ='+198 seg'!$C$33 -> 0.018384776 | Q98: ='+198 seg'!$D$33 -> 0.0005 | R98: ='+198 seg'!$E$33 -> 0.0035355339 | S98: ='+198 seg'!$F$33 -> 0.0155 | T98: ='+198 seg'!$G$33 -> 0.014849242 | U98: ='+198 seg'!$H$33 -> 0.002 | V98: ='+198 seg'!$I$33 -> 0.0014142136
B99: 219 | C99: ='+219 seg'!$B$32 -> 0.006 | D99: ='+219 seg'!$C$32 -> 0.0028284271 | E99: ='+219 seg'!$D$32 -> 0.004 | F99: ='+219 seg'!$E$32 -> 0.0014142136 | G99: ='+219 seg'!$F$32 -> 0.007 | H99: ='+219 seg'!$G$32 -> 0.0028284271 | I99: ='+219 seg'!$H$32 -> 0.0015 | J99: ='+219 seg'!$I$32 -> 0.00070710678 | O99: ='+219 seg'!$B$33 -> 0.0065 | P99: ='+219 seg'!$C$33 -> 0.019091883 | Q99: ='+219 seg'!$D$33 -> 0 | R99: ='+219 seg'!$E$33 -> 0.0028284271 | S99: ='+219 seg'!$F$33 -> 0.016 | T99: ='+219 seg'!$G$33 -> 0.016970563 | U99: ='+219 seg'!$H$33 -> 0.003 | V99: ='+219 seg'!$I$33 -> 0
B100: 238 | C100: ='+238 seg'!$B$32 -> 0.006 | D100: ='+238 seg'!$C$32 -> 0.0028284271 | E100: ='+238 seg'!$D$32 -> 0.0045 | F100: ='+238 seg'!$E$32 -> 0.0021213203 | G100: ='+238 seg'!$F$32 -> 0.007 | H100: ='+238 seg'!$G$32 -> 0.0042426407 | I100: ='+238 seg'!$H$32 -> 0.0005 | J100: ='+238 seg'!$I$32 -> 0.00070710678 | O100: ='+238 seg'!$B$33 -> 0.0075 | P100: ='+238 seg'!$C$33 -> 0.019091883 | Q100: ='+238 seg'!$D$33 -> 0.001 | R100: ='+238 seg'!$E$33 -> 0.0042426407 | S100: ='+238 seg'!$F$33 -> 0.017 | T100: ='+238 seg'!$G$33 -> 0.018384776 | U100: ='+238 seg'!$H$33 -> 0.0025 | V100: ='+238 seg'!$I$33 -> 0.00070710678
B101: 260 | C101: ='+260 seg'!$B$32 -> 0.0055 | D101: ='+260 seg'!$C$32 -> 0.0035355339 | E101: ='+260 seg'!$D$32 -> 0.0045 | F101: ='+260 seg'!$E$32 -> 0.00070710678 | G101: ='+260 seg'!$F$32 -> 0.007 | H101: ='+260 seg'!$G$32 -> 0.0042426407 | I101: ='+260 seg'!$H$32 -> 0 | J101: ='+260 seg'!$I$32 -> 0 | O101: ='+260 seg'!$B$33 -> 0.012 | P101: ='+260 seg'!$C$33 -> 0.012727922 | Q101: ='+260 seg'!$D$33 -> 0.001 | R101: ='+260 seg'!$E$33 -> 0.0042426407 | S101: ='+260 seg'!$F$33 -> 0.0175 | T101: ='+260 seg'!$G$33 -> 0.020506097 | U101: ='+260 seg'!$H$33 -> 0.002 | V101: ='+260 seg'!$I$33 -> 0
B102: 279 | C102: ='+279 seg'!$B$32 -> 0.006 | D102: ='+279 seg'!$C$32 -> 0.0028284271 | E102: ='+279 seg'!$D$32 -> 0.0045 | F102: ='+279 seg'!$E$32 -> 0.00070710678 | G102: ='+279 seg'!$F$32 -> 0.0075 | H102: ='+279 seg'!$G$32 -> 0.0049497475 | I102: ='+279 seg'!$H$32 -> 0 | J102: ='+279 seg'!$I$32 -> 0 | O102: ='+279 seg'!$B$33 -> 0.0145 | P102: ='+279 seg'!$C$33 -> 0.0091923882 | Q102: ='+279 seg'!$D$33 -> 0.001 | R102: ='+279 seg'!$E$33 -> 0.0042426407 | S102: ='+279 seg'!$F$33 -> 0.0175 | T102: ='+279 seg'!$G$33 -> 0.02192031 | U102: ='+279 seg'!$H$33 -> 0.0025 | V102: ='+279 seg'!$I$33 -> 0.00070710678
B103: 300 | C103: ='+300 seg'!$B$32 -> 0.0065 | D103: ='+300 seg'!$C$32 -> 0.0035355339 | E103: ='+300 seg'!$D$32 -> 0.0055 | F103: ='+300 seg'!$E$32 -> 0.00070710678 | G103: ='+300 seg'!$F$32 -> 0.0075 | H103: ='+300 seg'!$G$32 -> 0.0049497475 | I103: ='+300 seg'!$H$32 -> 0.0005 | J103: ='+300 seg'!$I$32 -> 0.00070710678 | O103: ='+300 seg'!$B$33 -> 0.008 | P103: ='+300 seg'!$C$33 -> 0.01979899 | Q103: ='+300 seg'!$D$33 -> 0.002 | R103: ='+300 seg'!$E$33 -> 0.0056568542 | S103: ='+300 seg'!$F$33 -> 0.018 | T103: ='+300 seg'!$G$33 -> 0.022627417 | U103: ='+300 seg'!$H$33 -> 0.0025 | V103: ='+300 seg'!$I$33 -> 0.00070710678
B104: 326 | C104: ='+326 seg'!$B$32 -> 0.0065 | D104: ='+326 seg'!$C$32 -> 0.0035355339 | E104: ='+326 seg'!$D$32 -> 0.0055 | F104: ='+326 seg'!$E$32 -> 0.00070710678 | G104: ='+326 seg'!$F$32 -> 0.0085 | H104: ='+326 seg'!$G$32 -> 0.0049497475 | I104: ='+326 seg'!$H$32 -> 0.0005 | J104: ='+326 seg'!$I$32 -> 0.00070710678 | O104: ='+326 seg'!$B$33 -> 0.0095 | P104: ='+326 seg'!$C$33 -> 0.019091883 | Q104: ='+326 seg'!$D$33 -> 0.003 | R104: ='+326 seg'!$E$33 -> 0.0070710678 | S104: ='+326 seg'!$F$33 -> 0.0185 | T104: ='+326 seg'!$G$33 -> 0.023334524 | U104: ='+326 seg'!$H$33 -> 0.0025 | V104: ='+326 seg'!$I$33 -> 0.00070710678
B105: 367 | C105: ='+367 seg'!$B$32 -> 0.006 | D105: ='+367 seg'!$C$32 -> 0.0042426407 | E105: ='+367 seg'!$D$32 -> 0.0055 | F105: ='+367 seg'!$E$32 -> 0.00070710678 | G105: ='+367 seg'!$F$32 -> 0.0095 | H105: ='+367 seg'!$G$32 -> 0.0049497475 | I105: ='+367 seg'!$H$32 -> 0.0005 | J105: ='+367 seg'!$I$32 -> 0.00070710678 | O105: ='+367 seg'!$B$33 -> 0.009 | P105: ='+367 seg'!$C$33 -> 0.01979899 | Q105: ='+367 seg'!$D$33 -> 0.003 | R105: ='+367 seg'!$E$33 -> 0.0070710678 | S105: ='+367 seg'!$F$33 -> 0.019 | T105: ='+367 seg'!$G$33 -> 0.025455844 | U105: ='+367 seg'!$H$33 -> 0.002 | V105: ='+367 seg'!$I$33 -> 0
B106: 431 | C106: ='+431 seg'!$B$32 -> 0.007 | D106: ='+431 seg'!$C$32 -> 0.0028284271 | E106: ='+431 seg'!$D$32 -> 0.006 | F106: ='+431 seg'!$E$32 -> 9.8130779e-18 | G106: ='+431 seg'!$F$32 -> 0.0105 | H106: ='+431 seg'!$G$32 -> 0.0049497475 | I106: ='+431 seg'!$H$32 -> 0 | J106: ='+431 seg'!$I$32 -> 0 | O106: ='+431 seg'!$B$33 -> 0.0115 | P106: ='+431 seg'!$C$33 -> 0.01767767 | Q106: ='+431 seg'!$D$33 -> 0.0045 | R106: ='+431 seg'!$E$33 -> 0.0091923882 | S106: ='+431 seg'!$F$33 -> 0.02 | T106: ='+431 seg'!$G$33 -> 0.025455844 | U106: ='+431 seg'!$H$33 -> 0.0025 | V106: ='+431 seg'!$I$33 -> 0.00070710678
B107: 518 | C107: ='+518 seg'!$B$32 -> 0.0085 | D107: ='+518 seg'!$C$32 -> 0.0035355339 | E107: ='+518 seg'!$D$32 -> 0.006 | F107: ='+518 seg'!$E$32 -> 9.8130779e-18 | G107: ='+518 seg'!$F$32 -> 0.011 | H107: ='+518 seg'!$G$32 -> 0.0042426407 | I107: ='+518 seg'!$H$32 -> 0.0005 | J107: ='+518 seg'!$I$32 -> 0.00070710678 | O107: ='+518 seg'!$B$33 -> 0.0135 | P107: ='+518 seg'!$C$33 -> 0.016263456 | Q107: ='+518 seg'!$D$33 -> 0.0055 | R107: ='+518 seg'!$E$33 -> 0.010606602 | S107: ='+518 seg'!$F$33 -> 0.021 | T107: ='+518 seg'!$G$33 -> 0.028284271 | U107: ='+518 seg'!$H$33 -> 0.003 | V107: ='+518 seg'!$I$33 -> 0
B108: 549 | C108: ='+549 seg'!$B$32 -> 0.009 | D108: ='+549 seg'!$C$32 -> 0.0028284271 | E108: ='+549 seg'!$D$32 -> 0.006 | F108: ='+549 seg'!$E$32 -> 0.0014142136 | G108: ='+549 seg'!$F$32 -> 0.011 | H108: ='+549 seg'!$G$32 -> 0.0056568542 | I108: ='+549 seg'!$H$32 -> 0.0005 | J108: ='+549 seg'!$I$32 -> 0.00070710678 | O108: ='+549 seg'!$B$33 -> 0.012 | P108: ='+549 seg'!$C$33 -> 0.021213203 | Q108: ='+549 seg'!$D$33 -> 0.005 | R108: ='+549 seg'!$E$33 -> 0.0098994949 | S108: ='+549 seg'!$F$33 -> 0.0225 | T108: ='+549 seg'!$G$33 -> 0.028991378 | U108: ='+549 seg'!$H$33 -> 0.003 | V108: ='+549 seg'!$I$33 -> 0.0014142136
B109: 605 | C109: ='+605 seg'!$B$32 -> 0.0095 | D109: ='+605 seg'!$C$32 -> 0.0035355339 | E109: ='+605 seg'!$D$32 -> 0.006 | F109: ='+605 seg'!$E$32 -> 0.0014142136 | G109: ='+605 seg'!$F$32 -> 0.012 | H109: ='+605 seg'!$G$32 -> 0.0070710678 | I109: ='+605 seg'!$H$32 -> 0 | J109: ='+605 seg'!$I$32 -> 0 | O109: ='+605 seg'!$B$33 -> 0.016 | P109: ='+605 seg'!$C$33 -> 0.016970563 | Q109: ='+605 seg'!$D$33 -> 0.0055 | R109: ='+605 seg'!$E$33 -> 0.010606602 | S109: ='+605 seg'!$F$33 -> 0.024 | T109: ='+605 seg'!$G$33 -> 0.029698485 | U109: ='+605 seg'!$H$33 -> 0.003 | V109: ='+605 seg'!$I$33 -> 0.0014142136
B110: 658 | C110: ='+658 seg'!$B$32 -> 0.0105 | D110: ='+658 seg'!$C$32 -> 0.0035355339 | E110: ='+658 seg'!$D$32 -> 0.0055 | F110: ='+658 seg'!$E$32 -> 0.0021213203 | G110: ='+658 seg'!$F$32 -> 0.012 | H110: ='+658 seg'!$G$32 -> 0.0070710678 | I110: ='+658 seg'!$H$32 -> 0.0005 | J110: ='+658 seg'!$I$32 -> 0.00070710678 | O110: ='+658 seg'!$B$33 -> 0.014 | P110: ='+658 seg'!$C$33 -> 0.021213203 | Q110: ='+658 seg'!$D$33 -> 0.005 | R110: ='+658 seg'!$E$33 -> 0.011313708 | S110: ='+658 seg'!$F$33 -> 0.025 | T110: ='+658 seg'!$G$33 -> 0.031112698 | U110: ='+658 seg'!$H$33 -> 0.003 | V110: ='+658 seg'!$I$33 -> 0.0014142136

Sheet 0-0
A1: 0 | B1: 1 | C1: 2 | D1: 3 | E1: 4 | F1: 5 | G1: 6 | H1: 7 | I1: 8 | J1: 9 | K1: 10 | L1: 11 | M1: 12
A2: * | B2: 1 | C2: 2 | D2: 3 | E2: 4 | F2: 5 | G2: 6 | H2: 7 | I2: 8 | J2: 9 | K2: 10 | L2: 11 | M2: 12
A3: A | B3: 0.109 | C3: 0.093 | D3: 0.088 | E3: 0.097 | F3: 0.134 | G3: 0.117 | H3: 0.092 | I3: 0.068 | J3: 0.054 | K3: 0.063 | L3: 0.12 | M3: 0.092
A4: B | B4: 0.129 | C4: 0.159 | D4: 0.091 | E4: 0.091 | F4: 0.152 | G4: 0.127 | H4: 0.105 | I4: 0.099 | J4: 0.064 | K4: 0.054 | L4: 0.094 | M4: 0.111
A5: C | B5: 0.132 | C5: 0.179 | D5: 0.084 | E5: 0.081 | F5: 0.103 | G5: 0.115 | H5: 0.08 | I5: 0.066 | J5: 0.094 | K5: 0.119 | L5: 0.114 | M5: 0.107
A6: D | B6: 0.165 | C6: 0.196 | D6: 0.107 | E6: 0.099 | F6: 0.127 | G6: 0.185 | H6: 0.084 | I6: 0.111 | J6: 0.083 | K6: 0.084 | L6: 0.101 | M6: 0.097
A7: E | B7: 0.128 | C7: 0.135 | D7: 0.08 | E7: 0.084 | F7: 0.109 | G7: 0.1 | H7: 0.091 | I7: 0.084 | J7: 0.068 | K7: 0.069 | L7: 0.659 | M7: 0.097
A8: F | B8: 0.108 | C8: 0.088 | D8: 0.08 | E8: 0.074 | F8: 0.096 | G8: 0.075 | H8: 0.077 | I8: 0.059 | J8: 0.05 | K8: 0.064 | L8: 0.375 | M8: 0.098
A9: G | B9: 0.143 | C9: 0.158 | D9: 0.1 | E9: 0.103 | F9: 0.113 | G9: 0.097 | H9: 0.069 | I9: 0.075 | J9: 0.116 | K9: 0.115 | L9: 0.104 | M9: 0.133
A10: H | B10: 0.2 | C10: 0.182 | D10: 0.104 | E10: 0.11 | F10: 0.199 | G10: 0.153 | H10: 0.095 | I10: 0.092 | J10: 0.096 | K10: 0.125 | L10: 0.125 | M10: 0.097

Sheet +0 seg
A1: 0 | B1: 1 | C1: 2 | D1: 3 | E1: 4 | F1: 5 | G1: 6 | H1: 7 | I1: 8 | J1: 9 | K1: 10 | L1: 11 | M1: 12
A2: * | B2: 1 | C2: 2 | D2: 3 | E2: 4 | F2: 5 | G2: 6 | H2: 7 | I2: 8 | J2: 9 | K2: 10 | L2: 11 | M2: 12
A3: A | B3: 0.098 | C3: 0.085 | D3: 0.073 | E3: 0.087 | F3: 0.147 | G3: 0.115 | H3: 0.083 | I3: 0.061 | J3: 0.051 | K3: 0.052 | L3: 0.12 | M3: 0.092
A4: B | B4: 0.128 | C4: 0.14 | D4: 0.076 | E4: 0.084 | F4: 0.146 | G4: 0.127 | H4: 0.091 | I4: 0.092 | J4: 0.062 | K4: 0.052 | L4: 0.094 | M4: 0.111
A5: C | B5: 0.141 | C5: 0.142 | D5: 0.08 | E5: 0.08 | F5: 0.101 | G5: 0.116 | H5: 0.075 | I5: 0.069 | J5: 0.094 | K5: 0.118 | L5: 0.114 | M5: 0.107
A6: D | B6: 0.171 | C6: 0.184 | D6: 0.082 | E6: 0.091 | F6: 0.117 | G6: 0.199 | H6: 0.068 | I6: 0.109 | J6: 0.083 | K6: 0.084 | L6: 0.101 | M6: 0.097
A7: E | B7: 0.134 | C7: 0.151 | D7: 0.08 | E7: 0.088 | F7: 0.112 | G7: 0.103 | H7: 0.094 | I7: 0.084 | J7: 0.069 | K7: 0.069 | L7: 0.643 | M7: 0.097
A8: F | B8: 0.116 | C8: 0.091 | D8: 0.079 | E8: 0.075 | F8: 0.096 | G8: 0.079 | H8: 0.076 | I8: 0.059 | J8: 0.051 | K8: 0.062 | L8: 0.369 | M8: 0.097
A9: G | B9: 0.151 | C9: 0.162 | D9: 0.1 | E9: 0.105 | F9: 0.116 | G9: 0.098 | H9: 0.07 | I9: 0.074 | J9: 0.116 | K9: 0.114 | L9: 0.104 | M9: 0.133
A10: H | B10: 0.219 | C10: 0.205 | D10: 0.105 | E10: 0.112 | F10: 0.226 | G10: 0.159 | H10: 0.097 | I10: 0.092 | J10: 0.096 | K10: 0.125 | L10: 0.125 | M10: 0.096
A14: * | B14: 1 | C14: 2 | D14: 3 | E14: 4 | F14: 5 | G14: 6 | H14: 7 | I14: 8 | J14: 9 | K14: 10 | L14: 11 | M14: 12
A15: A | B15: =B3 - B3 -> 0 | C15: =C3 - C3 -> 0 | D15: =D3 - D3 -> 0 | E15: =E3 - E3 -> 0 | F15: =F3 - F3 -> 0 | G15: =G3 - G3 -> 0 | H15: =H3 - H3 -> 0 | I15: =I3 - I3 -> 0 | ... M15: =M3 - M3 -> 0
A16: B | B16: =B4 - B4 -> 0 | C16: =C4 - C4 -> 0 | D16: =D4 - D4 -> 0 | E16: =E4 - E4 -> 0 | F16: =F4 - F4 -> 0 | G16: =G4 - G4 -> 0 | H16: =H4 - H4 -> 0 | I16: =I4 - I4 -> 0 | ... M16: =M4 - M4 -> 0
A17: C | B17: =B5 - B5 -> 0 | C17: =C5 - C5 -> 0 | D17: =D5 - D5 -> 0 | E17: =E5 - E5 -> 0 | F17: =F5 - F5 -> 0 | G17: =G5 - G5 -> 0 | H17: =H5 - H5 -> 0 | I17: =I5 - I5 -> 0 | ... M17: =M5 - M5 -> 0
A18: D | B18: =B6 - B6 -> 0 | C18: =C6 - C6 -> 0 | D18: =D6 - D6 -> 0 | E18: =E6 - E6 -> 0 | F18: =F6 - F6 -> 0 | G18: =G6 - G6 -> 0 | H18: =H6 - H6 -> 0 | I18: =I6 - I6 -> 0 | ... M18: =M6 - M6 -> 0
A19: E | B19: =B7 - B7 -> 0 | C19: =C7 - C7 -> 0 | D19: =D7 - D7 -> 0 | E19: =E7 - E7 -> 0 | F19: =F7 - F7 -> 0 | G19: =G7 - G7 -> 0 | H19: =H7 - H7 -> 0 | I19: =I7 - I7 -> 0 | ... M19: =M7 - M7 -> 0
A20: F | B20: =B8 - B8 -> 0 | C20: =C8 - C8 -> 0 | D20: =D8 - D8 -> 0 | E20: =E8 - E8 -> 0 | F20: =F8 - F8 -> 0 | G20: =G8 - G8 -> 0 | H20: =H8 - H8 -> 0 | I20: =I8 - I8 -> 0 | ... M20: =M8 - M8 -> 0
A21: G | B21: =B9 - B9 -> 0 | C21: =C9 - C9 -> 0 | D21: =D9 - D9 -> 0 | E21: =E9 - E9 -> 0 | F21: =F9 - F9 -> 0 | G21: =G9 - G9 -> 0 | H21: =H9 - H9 -> 0 | I21: =I9 - I9 -> 0 | ... M21: =M9 - M9 -> 0
A22: H | B22: =B10 - B10 -> 0 | C22: =C10 - C10 -> 0 | D22: =D10 - D10 -> 0 | E22: =E10 - E10 -> 0 | F22: =F10 - F10 -> 0 | G22: =G10 - G10 -> 0 | H22: =H10 - H10 -> 0 | I22: =I10 - I10 -> 0 | ... M22: =M10 - M10 -> 0
A25: * | B25: Mean 1-2 | C25: DE 1-2 | D25: Mean 3-4 | E25: DE 3-4 | F25: Mean 5-6 | G25: DE 5-6 | H25: Mean 7-8 | I25: DE 7-8 | J25: Mean 9 | K25: DE 9 | L25: Mean 10 | M25: DE 10
A26: A | B26: =AVERAGE(B15:C15) -> 0 | C26: =STDEV(B15:C15) -> 0 | D26: =AVERAGE(D15:E15) -> 0 | E26: =STDEV(D15:E15) -> 0 | F26: =AVERAGE(F15:G15) -> 0 | G26: =STDEV(F15:G15) -> 0 | H26: =AVERAGE(H15:I15) -> 0 | I26: =STDEV(H15:I15) -> 0 | J26: =AVERAGE(J15:J16) -> 0 | K26: =STDEV(J15:J16) -> 0 | L26: =AVERAGE(K15:K16) -> 0 | M26: =STDEV(K15:K16) -> 0
A27: B | B27: =AVERAGE(B16:C16) -> 0 | C27: =STDEV(B16:C16) -> 0 | D27: =AVERAGE(D16:E16) -> 0 | E27: =STDEV(D16:E16) -> 0 | F27: =AVERAGE(F16:G16) -> 0 | G27: =STDEV(F16:G16) -> 0 | H27: =AVERAGE(H16:I16) -> 0 | I27: =STDEV(H16:I16) -> 0
A28: C | B28: =AVERAGE(B17:C17) -> 0 | C28: =STDEV(B17:C17) -> 0 | D28: =AVERAGE(D17:E17) -> 0 | E28: =STDEV(D17:E17) -> 0 | F28: =AVERAGE(F17:G17) -> 0 | G28: =STDEV(F17:G17) -> 0 | H28: =AVERAGE(H17:I17) -> 0 | I28: =STDEV(H17:I17) -> 0
A29: D | B29: =AVERAGE(B18:C18) -> 0 | C29: =STDEV(B18:C18) -> 0 | D29: =AVERAGE(D18:E18) -> 0 | E29: =STDEV(D18:E18) -> 0 | F29: =AVERAGE(F18:G18) -> 0 | G29: =STDEV(F18:G18) -> 0 | H29: =AVERAGE(H18:I18) -> 0 | I29: =STDEV(H18:I18) -> 0
A30: E | B30: =AVERAGE(B19:C19) -> 0 | C30: =STDEV(B19:C19) -> 0 | D30: =AVERAGE(D19:E19) -> 0 | E30: =STDEV(D19:E19) -> 0 | F30: =AVERAGE(F19:G19) -> 0 | G30: =STDEV(F19:G19) -> 0 | H30: =AVERAGE(H19:I19) -> 0 | I30: =STDEV(H19:I19) -> 0 | J30: =AVERAGE(J19:J20) -> 0 | K30: =STDEV(J19:J20) -> 0 | L30: =AVERAGE(K19:K20) -> 0 | M30: =STDEV(K19:K20) -> 0
A31: F | B31: =AVERAGE(B20:C20) -> 0 | C31: =STDEV(B20:C20) -> 0 | D31: =AVERAGE(D20:E20) -> 0 | E31: =STDEV(D20:E20) -> 0 | F31: =AVERAGE(F20:G20) -> 0 | G31: =STDEV(F20:G20) -> 0 | H31: =AVERAGE(H20:I20) -> 0 | I31: =STDEV(H20:I20) -> 0
A32: G | B32: =AVERAGE(B21:C21) -> 0 | C32: =STDEV(B21:C21) -> 0 | D32: =AVERAGE(D21:E21) -> 0 | E32: =STDEV(D21:E21) -> 0 | F32: =AVERAGE(F21:G21) -> 0 | G32: =STDEV(F21:G21) -> 0 | H32: =AVERAGE(H21:I21) -> 0 | I32: =STDEV(H21:I21) -> 0
A33: H | B33: =AVERAGE(B22:C22) -> 0 | C33: =STDEV(B22:C22) -> 0 | D33: =AVERAGE(D22:E22) -> 0 | E33: =STDEV(D22:E22) -> 0 | F33: =AVERAGE(F22:G22) -> 0 | G33: =STDEV(F22:G22) -> 0 | H33: =AVERAGE(H22:I22) -> 0 | I33: =STDEV(H22:I22) -> 0

Sheet +23 seg
A1: 0 | B1: 1 | C1: 2 | D1: 3 | E1: 4 | F1: 5 | G1: 6 | H1: 7 | I1: 8 | J1: 9 | K1: 10 | L1: 11 | M1: 12
A2: * | B2: 1 | C2: 2 | D2: 3 | E2: 4 | F2: 5 | G2: 6 | H2: 7 | I2: 8 | J2: 9 | K2: 10 | L2: 11 | M2: 12
A3: A | B3: 0.099 | C3: 0.085 | D3: 0.074 | E3: 0.085 | F3: 0.146 | G3: 0.115 | H3: 0.082 | I3: 0.06 | J3: 0.05 | K3: 0.05 | L3: 0.12 | M3: 0.092
A4: B | B4: 0.128 | C4: 0.14 | D4: 0.078 | E4: 0.091 | F4: 0.148 | G4: 0.129 | H4: 0.092 | I4: 0.094 | J4: 0.062 | K4: 0.052 | L4: 0.093 | M4: 0.111
A5: C | B5: 0.141 | C5: 0.144 | D5: 0.082 | E5: 0.079 | F5: 0.101 | G5: 0.113 | H5: 0.076 | I5: 0.067 | J5: 0.094 | K5: 0.118 | L5: 0.114 | M5: 0.107
A6: D | B6: 0.172 | C6: 0.185 | D6: 0.083 | E6: 0.091 | F6: 0.118 | G6: 0.203 | H6: 0.071 | I6: 0.107 | J6: 0.084 | K6: 0.084 | L6: 0.101 | M6: 0.097
A7: E | B7: 0.136 | C7: 0.148 | D7: 0.081 | E7: 0.088 | F7: 0.113 | G7: 0.105 | H7: 0.094 | I7: 0.083 | J7: 0.069 | K7: 0.069 | L7: 0.649 | M7: 0.097
A8: F | B8: 0.121 | C8: 0.089 | D8: 0.078 | E8: 0.075 | F8: 0.098 | G8: 0.079 | H8: 0.076 | I8: 0.059 | J8: 0.05 | K8: 0.062 | L8: 0.37 | M8: 0.098
A9: G | B9: 0.153 | C9: 0.163 | D9: 0.101 | E9: 0.106 | F9: 0.117 | G9: 0.099 | H9: 0.07 | I9: 0.074 | J9: 0.116 | K9: 0.115 | L9: 0.104 | M9: 0.133
A10: H | B10: 0.221 | C10: 0.218 | D10: 0.105 | E10: 0.111 | F10: 0.231 | G10: 0.159 | H10: 0.097 | I10: 0.092 | J10: 0.096 | K10: 0.125 | L10: 0.125 | M10: 0.096
A14: * | B14: 1 | C14: 2 | D14: 3 | E14: 4 | F14: 5 | G14: 6 | H14: 7 | I14: 8 | J14: 9 | K14: 10 | L14: 11 | M14: 12
A15: A | B15: =B3 - '+0 seg'!$B$3 -> 0.001 | C15: =C3 - '+0 seg'!$C$3 -> 0 | D15: =D3 - '+0 seg'!$D$3 -> 0.001 | E15: =E3 - '+0 seg'!$E$3 -> -0.002 | F15: =F3 - '+0 seg'!$F$3 -> -0.001 | G15: =G3 - '+0 seg'!$G$3 -> 0 | H15: =H3 - '+0 seg'!$H$3 -> -0.001 | I15: =I3 - '+0 seg'!$I$3 -> -0.001 | J15: =J3 - '+0 seg'!$J$3 -> -0.001 | K15: =K3 - '+0 seg'!$K$3 -> -0.002 | L15: =L3 - '+0 seg'!$L$3 -> 0 | M15: =M3 - '+0 seg'!$M$3 -> 0
A16: B | B16: =B4 - '+0 seg'!$B$4 -> 0 | C16: =C4 - '+0 seg'!$C$4 -> 0 | D16: =D4 - '+0 seg'!$D$4 -> 0.002 | E16: =E4 - '+0 seg'!$E$4 -> 0.007 | F16: =F4 - '+0 seg'!$F$4 -> 0.002 | G16: =G4 - '+0 seg'!$G$4 -> 0.002 | H16: =H4 - '+0 seg'!$H$4 -> 0.001 | I16: =I4 - '+0 seg'!$I$4 -> 0.002 | J16: =J4 - '+0 seg'!$J$4 -> 0 | K16: =K4 - '+0 seg'!$K$4 -> 0 | L16: =L4 - '+0 seg'!$L$4 -> -0.001 | M16: =M4 - '+0 seg'!$M$4 -> 0
A17: C | B17: =B5 - '+0 seg'!$B$5 -> 0 | C17: =C5 - '+0 seg'!$C$5 -> 0.002 | D17: =D5 - '+0 seg'!$D$5 -> 0.002 | E17: =E5 - '+0 seg'!$E$5 -> -0.001 | F17: =F5 - '+0 seg'!$F$5 -> 0 | G17: =G5 - '+0 seg'!$G$5 -> -0.003 | H17: =H5 - '+0 seg'!$H$5 -> 0.001 | I17: =I5 - '+0 seg'!$I$5 -> -0.002 | J17: =J5 - '+0 seg'!$J$5 -> 0 | K17: =K5 - '+0 seg'!$K$5 -> 0 | L17: =L5 - '+0 seg'!$L$5 -> 0 | M17: =M5 - '+0 seg'!$M$5 -> 0
A18: D | B18: =B6 - '+0 seg'!$B$6 -> 0.001 | C18: =C6 - '+0 seg'!$C$6 -> 0.001 | D18: =D6 - '+0 seg'!$D$6 -> 0.001 | E18: =E6 - '+0 seg'!$E$6 -> 0 | F18: =F6 - '+0 seg'!$F$6 -> 0.001 | G18: =G6 - '+0 seg'!$G$6 -> 0.004 | H18: =H6 - '+0 seg'!$H$6 -> 0.003 | I18: =I6 - '+0 seg'!$I$6 -> -0.002 | J18: =J6 - '+0 seg'!$J$6 -> 0.001 | K18: =K6 - '+0 seg'!$K$6 -> 0 | L18: =L6 - '+0 seg'!$L$6 -> 0 | M18: =M6 - '+0 seg'!$M$6 -> 0
A19: E | B19: =B7 - '+0 seg'!$B$7 -> 0.002 | C19: =C7 - '+0 seg'!$C$7 -> -0.003 | D19: =D7 - '+0 seg'!$D$7 -> 0.001 | E19: =E7 - '+0 seg'!$E$7 -> 0 | F19: =F7 - '+0 seg'!$F$7 -> 0.001 | G19: =G7 - '+0 seg'!$G$7 -> 0.002 | H19: =H7 - '+0 seg'!$H$7 -> 0 | I19: =I7 - '+0 seg'!$I$7 -> -0.001 | J19: =J7 - '+0 seg'!$J$7 -> 0 | K19: =K7 - '+0 seg'!$K$7 -> 0 | L19: =L7 - '+0 seg'!$L$7 -> 0.006 | M19: =M7 - '+0 seg'!$M$7 -> 0
A20: F | B20: =B8 - '+0 seg'!$B$8 -> 0.005 | C20: =C8 - '+0 seg'!$C$8 -> -0.002 | D20: =D8 - '+0 seg'!$D$8 -> -0.001 | E20: =E8 - '+0 seg'!$E$8 -> 0 | F20: =F8 - '+0 seg'!$F$8 -> 0.002 | G20: =G8 - '+0 seg'!$G$8 -> 0 | H20: =H8 - '+0 seg'!$H$8 -> 0 | I20: =I8 - '+0 seg'!$I$8 -> 0 | J20: =J8 - '+0 seg'!$J$8 -> -0.001 | K20: =K8 - '+0 seg'!$K$8 -> 0 | L20: =L8 - '+0 seg'!$L$8 -> 0.001 | M20: =M8 - '+0 seg'!$M$8 -> 0.001
A21: G | B21: =B9 - '+0 seg'!$B$9 -> 0.002 | C21: =C9 - '+0 seg'!$C$9 -> 0.001 | D21: =D9 - '+0 seg'!$D$9 -> 0.001 | E21: =E9 - '+0 seg'!$E$9 -> 0.001 | F21: =F9 - '+0 seg'!$F$9 -> 0.001 | G21: =G9 - '+0 seg'!$G$9 -> 0.001 | H21: =H9 - '+0 seg'!$H$9 -> 0 | I21: =I9 - '+0 seg'!$I$9 -> 0 | J21: =J9 - '+0 seg'!$J$9 -> 0 | K21: =K9 - '+0 seg'!$K$9 -> 0.001 | L21: =L9 - '+0 seg'!$L$9 -> 0 | M21: =M9 - '+0 seg'!$M$9 -> 0
A22: H | B22: =B10 - '+0 seg'!$B$10 -> 0.002 | C22: =C10 - '+0 seg'!$C$10 -> 0.013 | D22: =D10 - '+0 seg'!$D$10 -> 0 | E22: =E10 - '+0 seg'!$E$10 -> -0.001 | F22: =F10 - '+0 seg'!$F$10 -> 0.005 | G22: =G10 - '+0 seg'!$G$10 -> 0 | H22: =H10 - '+0 seg'!$H$10 -> 0 | I22: =I10 - '+0 seg'!$I$10 -> 0 | J22: =J10 - '+0 seg'!$J$10 -> 0 | K22: =K10 - '+0 seg'!$K$10 -> 0 | L22: =L10 - '+0 seg'!$L$10 -> 0 | M22: =M10 - '+0 seg'!$M$10 -> 0
A25: * | B25: Mean 1-2 | C25: DE 1-2 | D25: Mean 3-4 | E25: DE 3-4 | F25: Mean 5-6 | G25: DE 5-6 | H25: Mean 7-8 | I25: DE 7-8 | J25: Mean 9 | K25: DE 9 | L25: Mean 10 | M25: DE 10
A26: A | B26: =AVERAGE(B15:C15) -> 0.0005 | C26: =STDEV(B15:C15) -> 0.00070710678 | D26: =AVERAGE(D15:E15) -> -0.0005 | E26: =STDEV(D15:E15) -> 0.0021213203 | F26: =AVERAGE(F15:G15) -> -0.0005 | G26: =STDEV(F15:G15) -> 0.00070710678 | H26: =AVERAGE(H15:I15) -> -0.001 | I26: =STDEV(H15:I15) -> 0 | J26: =AVERAGE(J15:J16) -> -0.0005 | K26: =STDEV(J15:J16) -> 0.00070710678 | L26: =AVERAGE(K15:K16) -> -0.001 | M26: =STDEV(K15:K16) -> 0.0014142136
A27: B | B27: =AVERAGE(B16:C16) -> 0 | C27: =STDEV(B16:C16) -> 0 | D27: =AVERAGE(D16:E16) -> 0.0045 | E27: =STDEV(D16:E16) -> 0.0035355339 | F27: =AVERAGE(F16:G16) -> 0.002 | G27: =STDEV(F16:G16) -> 0 | H27: =AVERAGE(H16:I16) -> 0.0015 | I27: =STDEV(H16:I16) -> 0.00070710678
A28: C | B28: =AVERAGE(B17:C17) -> 0.001 | C28: =STDEV(B17:C17) -> 0.0014142136 | D28: =AVERAGE(D17:E17) -> 0.0005 | E28: =STDEV(D17:E17) -> 0.0021213203 | F28: =AVERAGE(F17:G17) -> -0.0015 | G28: =STDEV(F17:G17) -> 0.0021213203 | H28: =AVERAGE(H17:I17) -> -0.0005 | I28: =STDEV(H17:I17) -> 0.0021213203
A29: D | B29: =AVERAGE(B18:C18) -> 0.001 | C29: =STDEV(B18:C18) -> 1.9626156e-17 | D29: =AVERAGE(D18:E18) -> 0.0005 | E29: =STDEV(D18:E18) -> 0.00070710678 | F29: =AVERAGE(F18:G18) -> 0.0025 | G29: =STDEV(F18:G18) -> 0.0021213203 | H29: =AVERAGE(H18:I18) -> 0.0005 | I29: =STDEV(H18:I18) -> 0.0035355339
A30: E | B30: =AVERAGE(B19:C19) -> -0.0005 | C30: =STDEV(B19:C19) -> 0.0035355339 | D30: =AVERAGE(D19:E19) -> 0.0005 | E30: =STDEV(D19:E19) -> 0.00070710678 | F30: =AVERAGE(F19:G19) -> 0.0015 | G30: =STDEV(F19:G19) -> 0.00070710678 | H30: =AVERAGE(H19:I19) -> -0.0005 | I30: =STDEV(H19:I19) -> 0.00070710678 | J30: =AVERAGE(J19:J20) -> -0.0005 | K30: =STDEV(J19:J20) -> 0.00070710678 | L30: =AVERAGE(K19:K20) -> 0 | M30: =STDEV(K19:K20) -> 0
A31: F | B31: =AVERAGE(B20:C20) -> 0.0015 | C31: =STDEV(B20:C20) -> 0.0049497475 | D31: =AVERAGE(D20:E20) -> -0.0005 | E31: =STDEV(D20:E20) -> 0.00070710678 | F31: =AVERAGE(F20:G20) -> 0.001 | G31: =STDEV(F20:G20) -> 0.0014142136 | H31: =AVERAGE(H20:I20) -> 0 | I31: =STDEV(H20:I20) -> 0
A32: G | B32: =AVERAGE(B21:C21) -> 0.0015 | C32: =STDEV(B21:C21) -> 0.00070710678 | D32: =AVERAGE(D21:E21) -> 0.001 | E32: =STDEV(D21:E21) -> 0 | F32: =AVERAGE(F21:G21) -> 0.001 | G32: =STDEV(F21:G21) -> 0 | H32: =AVERAGE(H21:I21) -> 0 | I32: =STDEV(H21:I21) -> 0
A33: H | B33: =AVERAGE(B22:C22) -> 0.0075 | C33: =STDEV(B22:C22) -> 0.0077781746 | D33: =AVERAGE(D22:E22) -> -0.0005 | E33: =STDEV(D22:E22) -> 0.00070710678 | F33: =AVERAGE(F22:G22) -> 0.0025 | G33: =STDEV(F22:G22) -> 0.0035355339 | H33: =AVERAGE(H22:I22) -> 0 | I33: =STDEV(H22:I22) -> 0

Sheet +42 seg
A1: 0 | B1: 1 | C1: 2 | D1: 3 | E1: 4 | F1: 5 | G1: 6 | H1: 7 | I1: 8 | J1: 9 | K1: 10 | L1: 11 | M1: 12
A2: * | B2: 1 | C2: 2 | D2: 3 | E2: 4 | F2: 5 | G2: 6 | H2: 7 | I2: 8 | J2: 9 | K2: 10 | L2: 11 | M2: 12
A3: A | B3: 0.099 | C3: 0.085 | D3: 0.075 | E3: 0.09 | F3: 0.142 | G3: 0.116 | H3: 0.082 | I3: 0.061 | J3: 0.05 | K3: 0.048 | L3: 0.12 | M3: 0.092
A4: B | B4: 0.128 | C4: 0.14 | D4: 0.079 | E4: 0.092 | F4: 0.148 | G4: 0.128 | H4: 0.094 | I4: 0.095 | J4: 0.062 | K4: 0.052 | L4: 0.093 | M4: 0.111
A5: C | B5: 0.141 | C5: 0.144 | D5: 0.082 | E5: 0.08 | F5: 0.101 | G5: 0.112 | H5: 0.077 | I5: 0.066 | J5: 0.094 | K5: 0.118 | L5: 0.114 | M5: 0.107
A6: D | B6: 0.173 | C6: 0.185 | D6: 0.083 | E6: 0.091 | F6: 0.118 | G6: 0.204 | H6: 0.07 | I6: 0.108 | J6: 0.083 | K6: 0.084 | L6: 0.101 | M6: 0.097
A7: E | B7: 0.136 | C7: 0.149 | D7: 0.081 | E7: 0.089 | F7: 0.114 | G7: 0.106 | H7: 0.097 | I7: 0.082 | J7: 0.069 | K7: 0.069 | L7: 0.649 | M7: 0.097
A8: F | B8: 0.123 | C8: 0.091 | D8: 0.078 | E8: 0.075 | F8: 0.098 | G8: 0.08 | H8: 0.078 | I8: 0.058 | J8: 0.05 | K8: 0.061 | L8: 0.37 | M8: 0.098
A9: G | B9: 0.152 | C9: 0.164 | D9: 0.101 | E9: 0.106 | F9: 0.117 | G9: 0.101 | H9: 0.07 | I9: 0.074 | J9: 0.116 | K9: 0.115 | L9: 0.104 | M9: 0.133
A10: H | B10: 0.21 | C10: 0.226 | D10: 0.105 | E10: 0.111 | F10: 0.234 | G10: 0.16 | H10: 0.097 | I10: 0.092 | J10: 0.096 | K10: 0.125 | L10: 0.125 | M10: 0.096
A14: * | B14: 1 | C14: 2 | D14: 3 | E14: 4 | F14: 5 | G14: 6 | H14: 7 | I14: 8 | J14: 9 | K14: 10 | L14: 11 | M14: 12
A15: A | B15: =B3 - '+0 seg'!$B$3 -> 0.001 | C15: =C3 - '+0 seg'!$C$3 -> 0 | D15: =D3 - '+0 seg'!$D$3 -> 0.002 | E15: =E3 - '+0 seg'!$E$3 -> 0.003 | F15: =F3 - '+0 seg'!$F$3 -> -0.005 | G15: =G3 - '+0 seg'!$G$3 -> 0.001 | H15: =H3 - '+0 seg'!$H$3 -> -0.001 | I15: =I3 - '+0 seg'!$I$3 -> 0 | J15: =J3 - '+0 seg'!$J$3 -> -0.001 | K15: =K3 - '+0 seg'!$K$3 -> -0.004 | L15: =L3 - '+0 seg'!$L$3 -> 0 | M15: =M3 - '+0 seg'!$M$3 -> 0
A16: B | B16: =B4 - '+0 seg'!$B$4 -> 0 | C16: =C4 - '+0 seg'!$C$4 -> 0 | D16: =D4 - '+0 seg'!$D$4 -> 0.003 | E16: =E4 - '+0 seg'!$E$4 -> 0.008 | F16: =F4 - '+0 seg'!$F$4 -> 0.002 | G16: =G4 - '+0 seg'!$G$4 -> 0.001 | H16: =H4 - '+0 seg'!$H$4 -> 0.003 | I16: =I4 - '+0 seg'!$I$4 -> 0.003 | J16: =J4 - '+0 seg'!$J$4 -> 0 | K16: =K4 - '+0 seg'!$K$4 -> 0 | L16: =L4 - '+0 seg'!$L$4 -> -0.001 | M16: =M4 - '+0 seg'!$M$4 -> 0
A17: C | B17: =B5 - '+0 seg'!$B$5 -> 0 | C17: =C5 - '+0 seg'!$C$5 -> 0.002 | D17: =D5 - '+0 seg'!$D$5 -> 0.002 | E17: =E5 - '+0 seg'!$E$5 -> 0 | F17: =F5 - '+0 seg'!$F$5 -> 0 | G17: =G5 - '+0 seg'!$G$5 -> -0.004 | H17: =H5 - '+0 seg'!$H$5 -> 0.002 | I17: =I5 - '+0 seg'!$I$5 -> -0.003 | J17: =J5 - '+0 seg'!$J$5 -> 0 | K17: =K5 - '+0 seg'!$K$5 -> 0 | L17: =L5 - '+0 seg'!$L$5 -> 0 | M17: =M5 - '+0 seg'!$M$5 -> 0
A18: D | B18: =B6 - '+0 seg'!$B$6 -> 0.002 | C18: =C6 - '+0 seg'!$C$6 -> 0.001 | D18: =D6 - '+0 seg'!$D$6 -> 0.001 | E18: =E6 - '+0 seg'!$E$6 -> 0 | F18: =F6 - '+0 seg'!$F$6 -> 0.001 | G18: =G6 - '+0 seg'!$G$6 -> 0.005 | H18: =H6 - '+0 seg'!$H$6 -> 0.002 | I18: =I6 - '+0 seg'!$I$6 -> -0.001 | J18: =J6 - '+0 seg'!$J$6 -> 0 | K18: =K6 - '+0 seg'!$K$6 -> 0 | L18: =L6 - '+0 seg'!$L$6 -> 0 | M18: =M6 - '+0 seg'!$M$6 -> 0
A19: E | B19: =B7 - '+0 seg'!$B$7 -> 0.002 | C19: =C7 - '+0 seg'!$C$7 -> -0.002 | D19: =D7 - '+0 seg'!$D$7 -> 0.001 | E19: =E7 - '+0 seg'!$E$7 -> 0.001 | F19: =F7 - '+0 seg'!$F$7 -> 0.002 | G19: =G7 - '+0 seg'!$G$7 -> 0.003 | H19: =H7 - '+0 seg'!$H$7 -> 0.003 | I19: =I7 - '+0 seg'!$I$7 -> -0.002 | J19: =J7 - '+0 seg'!$J$7 -> 0 | K19: =K7 - '+0 seg'!$K$7 -> 0 | L19: =L7 - '+0 seg'!$L$7 -> 0.006 | M19: =M7 - '+0 seg'!$M$7 -> 0
A20: F | B20: =B8 - '+0 seg'!$B$8 -> 0.007 | C20: =C8 - '+0 seg'!$C$8 -> 0 | D20: =D8 - '+0 seg'!$D$8 -> -0.001 | E20: =E8 - '+0 seg'!$E$8 -> 0 | F20: =F8 - '+0 seg'!$F$8 -> 0.002 | G20: =G8 - '+0 seg'!$G$8 -> 0.001 | H20: =H8 - '+0 seg'!$H$8 -> 0.002 | I20: =I8 - '+0 seg'!$I$8 -> -0.001 | J20: =J8 - '+0 seg'!$J$8 -> -0.001 | K20: =K8 - '+0 seg'!$K$8 -> -0.001 | L20: =L8 - '+0 seg'!$L$8 -> 0.001 | M20: =M8 - '+0 seg'!$M$8 -> 0.001
A21: G | B21: =B9 - '+0 seg'!$B$9 -> 0.001 | C21: =C9 - '+0 seg'!$C$9 -> 0.002 | D21: =D9 - '+0 seg'!$D$9 -> 0.001 | E21: =E9 - '+0 seg'!$E$9 -> 0.001 | F21: =F9 - '+0 seg'!$F$9 -> 0.001 | G21: =G9 - '+0 seg'!$G$9 -> 0.003 | H21: =H9 - '+0 seg'!$H$9 -> 0 | I21: =I9 - '+0 seg'!$I$9 -> 0 | J21: =J9 - '+0 seg'!$J$9 -> 0 | K21: =K9 - '+0 seg'!$K$9 -> 0.001 | L21: =L9 - '+0 seg'!$L$9 -> 0 | M21: =M9 - '+0 seg'!$M$9 -> 0
A22: H | B22: =B10 - '+0 seg'!$B$10 -> -0.009 | C22: =C10 - '+0 seg'!$C$10 -> 0.021 | D22: =D10 - '+0 seg'!$D$10 -> 0 | E22: =E10 - '+0 seg'!$E$10 -> -0.001 | F22: =F10 - '+0 seg'!$F$10 -> 0.008 | G22: =G10 - '+0 seg'!$G$10 -> 0.001 | H22: =H10 - '+0 seg'!$H$10 -> 0 | I22: =I10 - '+0 seg'!$I$10 -> 0 | J22: =J10 - '+0 seg'!$J$10 -> 0 | K22: =K10 - '+0 seg'!$K$10 -> 0 | L22: =L10 - '+0 seg'!$L$10 -> 0 | M22: =M10 - '+0 seg'!$M$10 -> 0
A25: * | B25: Mean 1-2 | C25: DE 1-2 | D25: Mean 3-4 | E25: DE 3-4 | F25: Mean 5-6 | G25: DE 5-6 | H25: Mean 7-8 | I25: DE 7-8 | J25: Mean 9 | K25: DE 9 | L25: Mean 10 | M25: DE 10
A26: A | B26: =AVERAGE(B15:C15) -> 0.0005 | C26: =STDEV(B15:C15) -> 0.00070710678 | D26: =AVERAGE(D15:E15) -> 0.0025 | E26: =STDEV(D15:E15) -> 0.00070710678 | F26: =AVERAGE(F15:G15) -> -0.002 | G26: =STDEV(F15:G15) -> 0.0042426407 | H26: =AVERAGE(H15:I15) -> -0.0005 | I26: =STDEV(H15:I15) -> 0.00070710678 | J26: =AVERAGE(J15:J16) -> -0.0005 | K26: =STDEV(J15:J16) -> 0.00070710678 | L26: =AVERAGE(K15:K16) -> -0.002 | M26: =STDEV(K15:K16) -> 0.0028284271
A27: B | B27: =AVERAGE(B16:C16) -> 0 | C27: =STDEV(B16:C16) -> 0 | D27: =AVERAGE(D16:E16) -> 0.0055 | E27: =STDEV(D16:E16) -> 0.0035355339 | F27: =AVERAGE(F16:G16) -> 0.0015 | G27: =STDEV(F16:G16) -> 0.00070710678 | H27: =AVERAGE(H16:I16) -> 0.003 | I27: =STDEV(H16:I16) -> 0
A28: C | B28: =AVERAGE(B17:C17) -> 0.001 | C28: =STDEV(B17:C17) -> 0.0014142136 | D28: =AVERAGE(D17:E17) -> 0.001 | E28: =STDEV(D17:E17) -> 0.0014142136 | F28: =AVERAGE(F17:G17) -> -0.002 | G28: =STDEV(F17:G17) -> 0.0028284271 | H28: =AVERAGE(H17:I17) -> -0.0005 | I28: =STDEV(H17:I17) -> 0.0035355339
A29: D | B29: =AVERAGE(B18:C18) -> 0.0015 | C29: =STDEV(B18:C18) -> 0.00070710678 | D29: =AVERAGE(D18:E18) -> 0.0005 | E29: =STDEV(D18:E18) -> 0.00070710678 | F29: =AVERAGE(F18:G18) -> 0.003 | G29: =STDEV(F18:G18) -> 0.0028284271 | H29: =AVERAGE(H18:I18) -> 0.0005 | I29: =STDEV(H18:I18) -> 0.0021213203
A30: E | B30: =AVERAGE(B19:C19) -> 0 | C30: =STDEV(B19:C19) -> 0.0028284271 | D30: =AVERAGE(D19:E19) -> 0.001 | E30: =STDEV(D19:E19) -> 0 | F30: =AVERAGE(F19:G19) -> 0.0025 | G30: =STDEV(F19:G19) -> 0.00070710678 | H30: =AVERAGE(H19:I19) -> 0.0005 | I30: =STDEV(H19:I19) -> 0.0035355339 | J30: =AVERAGE(J19:J20) -> -0.0005 | K30: =STDEV(J19:J20) -> 0.00070710678 | L30: =AVERAGE(K19:K20) -> -0.0005 | M30: =STDEV(K19:K20) -> 0.00070710678
A31: F | B31: =AVERAGE(B20:C20) -> 0.0035 | C31: =STDEV(B20:C20) -> 0.0049497475 | D31: =AVERAGE(D20:E20) -> -0.0005 | E31: =STDEV(D20:E20) -> 0.00070710678 | F31: =AVERAGE(F20:G20) -> 0.0015 | G31: =STDEV(F20:G20) -> 0.00070710678 | H31: =AVERAGE(H20:I20) -> 0.0005 | I31: =STDEV(H20:I20) -> 0.0021213203
A32: G | B32: =AVERAGE(B21:C21) -> 0.0015 | C32: =STDEV(B21:C21) -> 0.00070710678 | D32: =AVERAGE(D21:E21) -> 0.001 | E32: =STDEV(D21:E21) -> 0 | F32: =AVERAGE(F21:G21) -> 0.002 | G32: =STDEV(F21:G21) -> 0.0014142136 | H32: =AVERAGE(H21:I21) -> 0 | I32: =STDEV(H21:I21) -> 0
A33: H | B33: =AVERAGE(B22:C22) -> 0.006 | C33: =STDEV(B22:C22) -> 0.021213203 | D33: =AVERAGE(D22:E22) -> -0.0005 | E33: =STDEV(D22:E22) -> 0.00070710678 | F33: =AVERAGE(F22:G22) -> 0.0045 | G33: =STDEV(F22:G22) -> 0.0049497475 | H33: =AVERAGE(H22:I22) -> 0 | I33: =STDEV(H22:I22) -> 0

Sheet +61 seg
A1: 0 | B1: 1 | C1: 2 | D1: 3 | E1: 4 | F1: 5 | G1: 6 | H1: 7 | I1: 8 | J1: 9 | K1: 10 | L1: 11 | M1: 12
A2: * | B2: 1 | C2: 2 | D2: 3 | E2: 4 | F2: 5 | G2: 6 | H2: 7 | I2: 8 | J2: 9 | K2: 10 | L2: 11 | M2: 12
A3: A | B3: 0.098 | C3: 0.085 | D3: 0.075 | E3: 0.089 | F3: 0.143 | G3: 0.116 | H3: 0.083 | I3: 0.061 | J3: 0.051 | K3: 0.048 | L3: 0.12 | M3: 0.092
A4: B | B4: 0.128 | C4: 0.14 | D4: 0.079 | E4: 0.088 | F4: 0.15 | G4: 0.129 | H4: 0.095 | I4: 0.095 | J4: 0.062 | K4: 0.053 | L4: 0.093 | M4: 0.111
A5: C | B5: 0.141 | C5: 0.145 | D5: 0.084 | E5: 0.081 | F5: 0.102 | G5: 0.11 | H5: 0.077 | I5: 0.066 | J5: 0.094 | K5: 0.118 | L5: 0.114 | M5: 0.107
A6: D | B6: 0.173 | C6: 0.186 | D6: 0.084 | E6: 0.091 | F6: 0.119 | G6: 0.205 | H6: 0.07 | I6: 0.111 | J6: 0.083 | K6: 0.084 | L6: 0.101 | M6: 0.097
A7: E | B7: 0.135 | C7: 0.148 | D7: 0.083 | E7: 0.089 | F7: 0.116 | G7: 0.108 | H7: 0.096 | I7: 0.082 | J7: 0.069 | K7: 0.069 | L7: 0.648 | M7: 0.097
A8: F | B8: 0.122 | C8: 0.091 | D8: 0.077 | E8: 0.075 | F8: 0.098 | G8: 0.08 | H8: 0.077 | I8: 0.058 | J8: 0.05 | K8: 0.062 | L8: 0.369 | M8: 0.098
A9: G | B9: 0.152 | C9: 0.165 | D9: 0.102 | E9: 0.106 | F9: 0.118 | G9: 0.101 | H9: 0.07 | I9: 0.074 | J9: 0.116 | K9: 0.115 | L9: 0.104 | M9: 0.133
A10: H | B10: 0.207 | C10: 0.223 | D10: 0.104 | E10: 0.111 | F10: 0.236 | G10: 0.161 | H10: 0.097 | I10: 0.093 | J10: 0.096 | K10: 0.125 | L10: 0.125 | M10: 0.096
A14: * | B14: 1 | C14: 2 | D14: 3 | E14: 4 | F14: 5 | G14: 6 | H14: 7 | I14: 8 | J14: 9 | K14: 10 | L14: 11 | M14: 12
A15: A | B15: =B3 - '+0 seg'!$B$3 -> 0 | C15: =C3 - '+0 seg'!$C$3 -> 0 | D15: =D3 - '+0 seg'!$D$3 -> 0.002 | E15: =E3 - '+0 seg'!$E$3 -> 0.002 | F15: =F3 - '+0 seg'!$F$3 -> -0.004 | G15: =G3 - '+0 seg'!$G$3 -> 0.001 | H15: =H3 - '+0 seg'!$H$3 -> 0 | I15: =I3 - '+0 seg'!$I$3 -> 0 | J15: =J3 - '+0 seg'!$J$3 -> 0 | K15: =K3 - '+0 seg'!$K$3 -> -0.004 | L15: =L3 - '+0 seg'!$L$3 -> 0 | M15: =M3 - '+0 seg'!$M$3 -> 0
A16: B | B16: =B4 - '+0 seg'!$B$4 -> 0 | C16: =C4 - '+0 seg'!$C$4 -> 0 | D16: =D4 - '+0 seg'!$D$4 -> 0.003 | E16: =E4 - '+0 seg'!$E$4 -> 0.004 | F16: =F4 - '+0 seg'!$F$4 -> 0.004 | G16: =G4 - '+0 seg'!$G$4 -> 0.002 | H16: =H4 - '+0 seg'!$H$4 -> 0.004 | I16: =I4 - '+0 seg'!$I$4 -> 0.003 | J16: =J4 - '+0 seg'!$J$4 -> 0 | K16: =K4 - '+0 seg'!$K$4 -> 0.001 | L16: =L4 - '+0 seg'!$L$4 -> -0.001 | M16: =M4 - '+0 seg'!$M$4 -> 0
A17: C | B17: =B5 - '+0 seg'!$B$5 -> 0 | C17: =C5 - '+0 seg'!$C$5 -> 0.003 | D17: =D5 - '+0 seg'!$D$5 -> 0.004 | E17: =E5 - '+0 seg'!$E$5 -> 0.001 | F17: =F5 - '+0 seg'!$F$5 -> 0.001 | G17: =G5 - '+0 seg'!$G$5 -> -0.006 | H17: =H5 - '+0 seg'!$H$5 -> 0.002 | I17: =I5 - '+0 seg'!$I$5 -> -0.003 | J17: =J5 - '+0 seg'!$J$5 -> 0 | K17: =K5 - '+0 seg'!$K$5 -> 0 | L17: =L5 - '+0 seg'!$L$5 -> 0 | M17: =M5 - '+0 seg'!$M$5 -> 0
A18: D | B18: =B6 - '+0 seg'!$B$6 -> 0.002 | C18: =C6 - '+0 seg'!$C$6 -> 0.002 | D18: =D6 - '+0 seg'!$D$6 -> 0.002 | E18: =E6 - '+0 seg'!$E$6 -> 0 | F18: =F6 - '+0 seg'!$F$6 -> 0.002 | G18: =G6 - '+0 seg'!$G$6 -> 0.006 | H18: =H6 - '+0 seg'!$H$6 -> 0.002 | I18: =I6 - '+0 seg'!$I$6 -> 0.002 | J18: =J6 - '+0 seg'!$J$6 -> 0 | K18: =K6 - '+0 seg'!$K$6 -> 0 | L18: =L6 - '+0 seg'!$L$6 -> 0 | M18: =M6 - '+0 seg'!$M$6 -> 0
A19: E | B19: =B7 - '+0 seg'!$B$7 -> 0.001 | C19: =C7 - '+0 seg'!$C$7 -> -0.003 | D19: =D7 - '+0 seg'!$D$7 -> 0.003 | E19: =E7 - '+0 seg'!$E$7 -> 0.001 | F19: =F7 - '+0 seg'!$F$7 -> 0.004 | G19: =G7 - '+0 seg'!$G$7 -> 0.005 | H19: =H7 - '+0 seg'!$H$7 -> 0.002 | I19: =I7 - '+0 seg'!$I$7 -> -0.002 | J19: =J7 - '+0 seg'!$J$7 -> 0 | K19: =K7 - '+0 seg'!$K$7 -> 0 | L19: =L7 - '+0 seg'!$L$7 -> 0.005 | M19: =M7 - '+0 seg'!$M$7 -> 0
A20: F | B20: =B8 - '+0 seg'!$B$8 -> 0.006 | C20: =C8 - '+0 seg'!$C$8 -> 0 | D20: =D8 - '+0 seg'!$D$8 -> -0.002 | E20: =E8 - '+0 seg'!$E$8 -> 0 | F20: =F8 - '+0 seg'!$F$8 -> 0.002 | G20: =G8 - '+0 seg'!$G$8 -> 0.001 | H20: =H8 - '+0 seg'!$H$8 -> 0.001 | I20: =I8 - '+0 seg'!$I$8 -> -0.001 | J20: =J8 - '+0 seg'!$J$8 -> -0.001 | K20: =K8 - '+0 seg'!$K$8 -> 0 | L20: =L8 - '+0 seg'!$L$8 -> 0 | M20: =M8 - '+0 seg'!$M$8 -> 0.001
A21: G | B21: =B9 - '+0 seg'!$B$9 -> 0.001 | C21: =C9 - '+0 seg'!$C$9 -> 0.003 | D21: =D9 - '+0 seg'!$D$9 -> 0.002 | E21: =E9 - '+0 seg'!$E$9 -> 0.001 | F21: =F9 - '+0 seg'!$F$9 -> 0.002 | G21: =G9 - '+0 seg'!$G$9 -> 0.003 | H21: =H9 - '+0 seg'!$H$9 -> 0 | I21: =I9 - '+0 seg'!$I$9 -> 0 | J21: =J9 - '+0 seg'!$J$9 -> 0 | K21: =K9 - '+0 seg'!$K$9 -> 0.001 | L21: =L9 - '+0 seg'!$L$9 -> 0 | M21: =M9 - '+0 seg'!$M$9 -> 0
A22: H | B22: =B10 - '+0 seg'!$B$10 -> -0.012 | C22: =C10 - '+0 seg'!$C$10 -> 0.018 | D22: =D10 - '+0 seg'!$D$10 -> -0.001 | E22: =E10 - '+0 seg'!$E$10 -> -0.001 | F22: =F10 - '+0 seg'!$F$10 -> 0.01 | G22: =G10 - '+0 seg'!$G$10 -> 0.002 | H22: =H10 - '+0 seg'!$H$10 -> 0 | I22: =I10 - '+0 seg'!$I$10 -> 0.001 | J22: =J10 - '+0 seg'!$J$10 -> 0 | K22: =K10 - '+0 seg'!$K$10 -> 0 | L22: =L10 - '+0 seg'!$L$10 -> 0 | M22: =M10 - '+0 seg'!$M$10 -> 0
A25: * | B25: Mean 1-2 | C25: DE 1-2 | D25: Mean 3-4 | E25: DE 3-4 | F25: Mean 5-6 | G25: DE 5-6 | H25: Mean 7-8 | I25: DE 7-8 | J25: Mean 9 | K25: DE 9 | L25: Mean 10 | M25: DE 10
A26: A | B26: =AVERAGE(B15:C15) -> 0 | C26: =STDEV(B15:C15) -> 0 | D26: =AVERAGE(D15:E15) -> 0.002 | E26: =STDEV(D15:E15) -> 0 | F26: =AVERAGE(F15:G15) -> -0.0015 | G26: =STDEV(F15:G15) -> 0.0035355339 | H26: =AVERAGE(H15:I15) -> 0 | I26: =STDEV(H15:I15) -> 0 | J26: =AVERAGE(J15:J16) -> 0 | K26: =STDEV(J15:J16) -> 0 | L26: =AVERAGE(K15:K16) -> -0.0015 | M26: =STDEV(K15:K16) -> 0.0035355339
A27: B | B27: =AVERAGE(B16:C16) -> 0 | C27: =STDEV(B16:C16) -> 0 | D27: =AVERAGE(D16:E16) -> 0.0035 | E27: =STDEV(D16:E16) -> 0.00070710678 | F27: =AVERAGE(F16:G16) -> 0.003 | G27: =STDEV(F16:G16) -> 0.0014142136 | H27: =AVERAGE(H16:I16) -> 0.0035 | I27: =STDEV(H16:I16) -> 0.00070710678
A28: C | B28: =AVERAGE(B17:C17) -> 0.0015 | C28: =STDEV(B17:C17) -> 0.0021213203 | D28: =AVERAGE(D17:E17) -> 0.0025 | E28: =STDEV(D17:E17) -> 0.0021213203 | F28: =AVERAGE(F17:G17) -> -0.0025 | G28: =STDEV(F17:G17) -> 0.0049497475 | H28: =AVERAGE(H17:I17) -> -0.0005 | I28: =STDEV(H17:I17) -> 0.0035355339
A29: D | B29: =AVERAGE(B18:C18) -> 0.002 | C29: =STDEV(B18:C18) -> 1.9626156e-17 | D29: =AVERAGE(D18:E18) -> 0.001 | E29: =STDEV(D18:E18) -> 0.0014142136 | F29: =AVERAGE(F18:G18) -> 0.004 | G29: =STDEV(F18:G18) -> 0.0028284271 | H29: =AVERAGE(H18:I18) -> 0.002 | I29: =STDEV(H18:I18) -> 0
A30: E | B30: =AVERAGE(B19:C19) -> -0.001 | C30: =STDEV(B19:C19) -> 0.0028284271 | D30: =AVERAGE(D19:E19) -> 0.002 | E30: =STDEV(D19:E19) -> 0.0014142136 | F30: =AVERAGE(F19:G19) -> 0.0045 | G30: =STDEV(F19:G19) -> 0.00070710678 | H30: =AVERAGE(H19:I19) -> 0 | I30: =STDEV(H19:I19) -> 0.0028284271 | J30: =AVERAGE(J19:J20) -> -0.0005 | K30: =STDEV(J19:J20) -> 0.00070710678 | L30: =AVERAGE(K19:K20) -> 0 | M30: =STDEV(K19:K20) -> 0
A31: F | B31: =AVERAGE(B20:C20) -> 0.003 | C31: =STDEV(B20:C20) -> 0.0042426407 | D31: =AVERAGE(D20:E20) -> -0.001 | E31: =STDEV(D20:E20) -> 0.0014142136 | F31: =AVERAGE(F20:G20) -> 0.0015 | G31: =STDEV(F20:G20) -> 0.00070710678 | H31: =AVERAGE(H20:I20) -> 3.469447e-18 | I31: =STDEV(H20:I20) -> 0.0014142136
A32: G | B32: =AVERAGE(B21:C21) -> 0.002 | C32: =STDEV(B21:C21) -> 0.0014142136 | D32: =AVERAGE(D21:E21) -> 0.0015 | E32: =STDEV(D21:E21) -> 0.00070710678 | F32: =AVERAGE(F21:G21) -> 0.0025 | G32: =STDEV(F21:G21) -> 0.00070710678 | H32: =AVERAGE(H21:I21) -> 0 | I32: =STDEV(H21:I21) -> 0
A33: H | B33: =AVERAGE(B22:C22) -> 0.003 | C33: =STDEV(B22:C22) -> 0.021213203 | D33: =AVERAGE(D22:E22) -> -0.001 | E33: =STDEV(D22:E22) -> 0 | F33: =AVERAGE(F22:G22) -> 0.006 | G33: =STDEV(F22:G22) -> 0.0056568542 | H33: =AVERAGE(H22:I22) -> 0.0005 | I33: =STDEV(H22:I22) -> 0.00070710678

Sheet +81 seg
A1: 0 | B1: 1 | C1: 2 | D1: 3 | E1: 4 | F1: 5 | G1: 6 | H1: 7 | I1: 8 | J1: 9 | K1: 10 | L1: 11 | M1: 12
A2: * | B2: 1 | C2: 2 | D2: 3 | E2: 4 | F2: 5 | G2: 6 | H2: 7 | I2: 8 | J2: 9 | K2: 10 | L2: 11 | M2: 12
A3: A | B3: 0.099 | C3: 0.086 | D3: 0.076 | E3: 0.091 | F3: 0.143 | G3: 0.117 | H3: 0.083 | I3: 0.061 | J3: 0.05 | K3: 0.048 | L3: 0.12 | M3: 0.092
A4: B | B4: 0.129 | C4: 0.141 | D4: 0.079 | E4: 0.087 | F4: 0.15 | G4: 0.129 | H4: 0.096 | I4: 0.095 | J4: 0.061 | K4: 0.053 | L4: 0.093 | M4: 0.111
A5: C | B5: 0.142 | C5: 0.146 | D5: 0.084 | E5: 0.08 | F5: 0.102 | G5: 0.109 | H5: 0.078 | I5: 0.064 | J5: 0.093 | K5: 0.118 | L5: 0.114 | M5: 0.107
A6: D | B6: 0.174 | C6: 0.186 | D6: 0.083 | E6: 0.091 | F6: 0.119 | G6: 0.206 | H6: 0.07 | I6: 0.109 | J6: 0.083 | K6: 0.084 | L6: 0.101 | M6: 0.097
A7: E | B7: 0.136 | C7: 0.15 | D7: 0.082 | E7: 0.09 | F7: 0.116 | G7: 0.109 | H7: 0.099 | I7: 0.08 | J7: 0.068 | K7: 0.069 | L7: 0.653 | M7: 0.097
A8: F | B8: 0.121 | C8: 0.092 | D8: 0.076 | E8: 0.076 | F8: 0.099 | G8: 0.08 | H8: 0.078 | I8: 0.058 | J8: 0.05 | K8: 0.062 | L8: 0.37 | M8: 0.098
A9: G | B9: 0.153 | C9: 0.166 | D9: 0.102 | E9: 0.106 | F9: 0.118 | G9: 0.102 | H9: 0.071 | I9: 0.075 | J9: 0.116 | K9: 0.115 | L9: 0.104 | M9: 0.133
A10: H | B10: 0.225 | C10: 0.219 | D10: 0.104 | E10: 0.111 | F10: 0.238 | G10: 0.162 | H10: 0.098 | I10: 0.093 | J10: 0.096 | K10: 0.125 | L10: 0.125 | M10: 0.097
A14: * | B14: 1 | C14: 2 | D14: 3 | E14: 4 | F14: 5 | G14: 6 | H14: 7 | I14: 8 | J14: 9 | K14: 10 | L14: 11 | M14: 12
A15: A | B15: =B3 - '+0 seg'!$B$3 -> 0.001 | C15: =C3 - '+0 seg'!$C$3 -> 0.001 | D15: =D3 - '+0 seg'!$D$3 -> 0.003 | E15: =E3 - '+0 seg'!$E$3 -> 0.004 | F15: =F3 - '+0 seg'!$F$3 -> -0.004 | G15: =G3 - '+0 seg'!$G$3 -> 0.002 | H15: =H3 - '+0 seg'!$H$3 -> 0 | I15: =I3 - '+0 seg'!$I$3 -> 0 | J15: =J3 - '+0 seg'!$J$3 -> -0.001 | K15: =K3 - '+0 seg'!$K$3 -> -0.004 | L15: =L3 - '+0 seg'!$L$3 -> 0 | M15: =M3 - '+0 seg'!$M$3 -> 0
A16: B | B16: =B4 - '+0 seg'!$B$4 -> 0.001 | C16: =C4 - '+0 seg'!$C$4 -> 0.001 | D16: =D4 - '+0 seg'!$D$4 -> 0.003 | E16: =E4 - '+0 seg'!$E$4 -> 0.003 | F16: =F4 - '+0 seg'!$F$4 -> 0.004 | G16: =G4 - '+0 seg'!$G$4 -> 0.002 | H16: =H4 - '+0 seg'!$H$4 -> 0.005 | I16: =I4 - '+0 seg'!$I$4 -> 0.003 | J16: =J4 - '+0 seg'!$J$4 -> -0.001 | K16: =K4 - '+0 seg'!$K$4 -> 0.001 | L16: =L4 - '+0 seg'!$L$4 -> -0.001 | M16: =M4 - '+0 seg'!$M$4 -> 0
A17: C | B17: =B5 - '+0 seg'!$B$5 -> 0.001 | C17: =C5 - '+0 seg'!$C$5 -> 0.004 | D17: =D5 - '+0 seg'!$D$5 -> 0.004 | E17: =E5 - '+0 seg'!$E$5 -> 0 | F17: =F5 - '+0 seg'!$F$5 -> 0.001 | G17: =G5 - '+0 seg'!$G$5 -> -0.007 | H17: =H5 - '+0 seg'!$H$5 -> 0.003 | I17: =I5 - '+0 seg'!$I$5 -> -0.005 | J17: =J5 - '+0 seg'!$J$5 -> -0.001 | K17: =K5 - '+0 seg'!$K$5 -> 0 | L17: =L5 - '+0 seg'!$L$5 -> 0 | M17: =M5 - '+0 seg'!$M$5 -> 0
A18: D | B18: =B6 - '+0 seg'!$B$6 -> 0.003 | C18: =C6 - '+0 seg'!$C$6 -> 0.002 | D18: =D6 - '+0 seg'!$D$6 -> 0.001 | E18: =E6 - '+0 seg'!$E$6 -> 0 | F18: =F6 - '+0 seg'!$F$6 -> 0.002 | G18: =G6 - '+0 seg'!$G$6 -> 0.007 | H18: =H6 - '+0 seg'!$H$6 -> 0.002 | I18: =I6 - '+0 seg'!$I$6 -> 0 | J18: =J6 - '+0 seg'!$J$6 -> 0 | K18: =K6 - '+0 seg'!$K$6 -> 0 | L18: =L6 - '+0 seg'!$L$6 -> 0 | M18: =M6 - '+0 seg'!$M$6 -> 0
A19: E | B19: =B7 - '+0 seg'!$B$7 -> 0.002 | C19: =C7 - '+0 seg'!$C$7 -> -0.001 | D19: =D7 - '+0 seg'!$D$7 -> 0.002 | E19: =E7 - '+0 seg'!$E$7 -> 0.002 | F19: =F7 - '+0 seg'!$F$7 -> 0.004 | G19: =G7 - '+0 seg'!$G$7 -> 0.006 | H19: =H7 - '+0 seg'!$H$7 -> 0.005 | I19: =I7 - '+0 seg'!$I$7 -> -0.004 | J19: =J7 - '+0 seg'!$J$7 -> -0.001 | K19: =K7 - '+0 seg'!$K$7 -> 0 | L19: =L7 - '+0 seg'!$L$7 -> 0.01 | M19: =M7 - '+0 seg'!$M$7 -> 0
A20: F | B20: =B8 - '+0 seg'!$B$8 -> 0.005 | C20: =C8 - '+0 seg'!$C$8 -> 0.001 | D20: =D8 - '+0 seg'!$D$8 -> -0.003 | E20: =E8 - '+0 seg'!$E$8 -> 0.001 | F20: =F8 - '+0 seg'!$F$8 -> 0.003 | G20: =G8 - '+0 seg'!$G$8 -> 0.001 | H20: =H8 - '+0 seg'!$H$8 -> 0.002 | I20: =I8 - '+0 seg'!$I$8 -> -0.001 | J20: =J8 - '+0 seg'!$J$8 -> -0.001 | K20: =K8 - '+0 seg'!$K$8 -> 0 | L20: =L8 - '+0 seg'!$L$8 -> 0.001 | M20: =M8 - '+0 seg'!$M$8 -> 0.001
A21: G | B21: =B9 - '+0 seg'!$B$9 -> 0.002 | C21: =C9 - '+0 seg'!$C$9 -> 0.004 | D21: =D9 - '+0 seg'!$D$9 -> 0.002 | E21: =E9 - '+0 seg'!$E$9 -> 0.001 | F21: =F9 - '+0 seg'!$F$9 -> 0.002 | G21: =G9 - '+0 seg'!$G$9 -> 0.004 | H21: =H9 - '+0 seg'!$H$9 -> 0.001 | I21: =I9 - '+0 seg'!$I$9 -> 0.001 | J21: =J9 - '+0 seg'!$J$9 -> 0 | K21: =K9 - '+0 seg'!$K$9 -> 0.001 | L21: =L9 - '+0 seg'!$L$9 -> 0 | M21: =M9 - '+0 seg'!$M$9 -> 0
A22: H | B22: =B10 - '+0 seg'!$B$10 -> 0.006 | C22: =C10 - '+0 seg'!$C$10 -> 0.014 | D22: =D10 - '+0 seg'!$D$10 -> -0.001 | E22: =E10 - '+0 seg'!$E$10 -> -0.001 | F22: =F10 - '+0 seg'!$F$10 -> 0.012 | G22: =G10 - '+0 seg'!$G$10 -> 0.003 | H22: =H10 - '+0 seg'!$H$10 -> 0.001 | I22: =I10 - '+0 seg'!$I$10 -> 0.001 | J22: =J10 - '+0 seg'!$J$10 -> 0 | K22: =K10 - '+0 seg'!$K$10 -> 0 | L22: =L10 - '+0 seg'!$L$10 -> 0 | M22: =M10 - '+0 seg'!$M$10 -> 0.001
A25: * | B25: Mean 1-2 | C25: DE 1-2 | D25: Mean 3-4 | E25: DE 3-4 | F25: Mean 5-6 | G25: DE 5-6 | H25: Mean 7-8 | I25: DE 7-8 | J25: Mean 9 | K25: DE 9 | L25: Mean 10 | M25: DE 10
A26: A | B26: =AVERAGE(B15:C15) -> 0.001 | C26: =STDEV(B15:C15) -> 9.8130779e-18 | D26: =AVERAGE(D15:E15) -> 0.0035 | E26: =STDEV(D15:E15) -> 0.00070710678 | F26: =AVERAGE(F15:G15) -> -0.001 | G26: =STDEV(F15:G15) -> 0.0042426407 | H26: =AVERAGE(H15:I15) -> 0 | I26: =STDEV(H15:I15) -> 0 | J26: =AVERAGE(J15:J16) -> -0.001 | K26: =STDEV(J15:J16) -> 4.9065389e-18 | L26: =AVERAGE(K15:K16) -> -0.0015 | M26: =STDEV(K15:K16) -> 0.0035355339
A27: B | B27: =AVERAGE(B16:C16) -> 0.001 | C27: =STDEV(B16:C16) -> 1.9626156e-17 | D27: =AVERAGE(D16:E16) -> 0.003 | E27: =STDEV(D16:E16) -> 9.8130779e-18 | F27: =AVERAGE(F16:G16) -> 0.003 | G27: =STDEV(F16:G16) -> 0.0014142136 | H27: =AVERAGE(H16:I16) -> 0.004 | I27: =STDEV(H16:I16) -> 0.0014142136
A28: C | B28: =AVERAGE(B17:C17) -> 0.0025 | C28: =STDEV(B17:C17) -> 0.0021213203 | D28: =AVERAGE(D17:E17) -> 0.002 | E28: =STDEV(D17:E17) -> 0.0028284271 | F28: =AVERAGE(F17:G17) -> -0.003 | G28: =STDEV(F17:G17) -> 0.0056568542 | H28: =AVERAGE(H17:I17) -> -0.001 | I28: =STDEV(H17:I17) -> 0.0056568542
A29: D | B29: =AVERAGE(B18:C18) -> 0.0025 | C29: =STDEV(B18:C18) -> 0.00070710678 | D29: =AVERAGE(D18:E18) -> 0.0005 | E29: =STDEV(D18:E18) -> 0.00070710678 | F29: =AVERAGE(F18:G18) -> 0.0045 | G29: =STDEV(F18:G18) -> 0.0035355339 | H29: =AVERAGE(H18:I18) -> 0.001 | I29: =STDEV(H18:I18) -> 0.0014142136
A30: E | B30: =AVERAGE(B19:C19) -> 0.0005 | C30: =STDEV(B19:C19) -> 0.0021213203 | D30: =AVERAGE(D19:E19) -> 0.002 | E30: =STDEV(D19:E19) -> 0 | F30: =AVERAGE(F19:G19) -> 0.005 | G30: =STDEV(F19:G19) -> 0.0014142136 | H30: =AVERAGE(H19:I19) -> 0.0005 | I30: =STDEV(H19:I19) -> 0.006363961 | J30: =AVERAGE(J19:J20) -> -0.001 | K30: =STDEV(J19:J20) -> 4.9065389e-18 | L30: =AVERAGE(K19:K20) -> 0 | M30: =STDEV(K19:K20) -> 0
A31: F | B31: =AVERAGE(B20:C20) -> 0.003 | C31: =STDEV(B20:C20) -> 0.0028284271 | D31: =AVERAGE(D20:E20) -> -0.001 | E31: =STDEV(D20:E20) -> 0.0028284271 | F31: =AVERAGE(F20:G20) -> 0.002 | G31: =STDEV(F20:G20) -> 0.0014142136 | H31: =AVERAGE(H20:I20) -> 0.0005 | I31: =STDEV(H20:I20) -> 0.0021213203
A32: G | B32: =AVERAGE(B21:C21) -> 0.003 | C32: =STDEV(B21:C21) -> 0.0014142136 | D32: =AVERAGE(D21:E21) -> 0.0015 | E32: =STDEV(D21:E21) -> 0.00070710678 | F32: =AVERAGE(F21:G21) -> 0.003 | G32: =STDEV(F21:G21) -> 0.0014142136 | H32: =AVERAGE(H21:I21) -> 0.001 | I32: =STDEV(H21:I21) -> 9.8130779e-18
A33: H | B33: =AVERAGE(B22:C22) -> 0.01 | C33: =STDEV(B22:C22) -> 0.0056568542 | D33: =AVERAGE(D22:E22) -> -0.001 | E33: =STDEV(D22:E22) -> 0 | F33: =AVERAGE(F22:G22) -> 0.0075 | G33: =STDEV(F22:G22) -> 0.006363961 | H33: =AVERAGE(H22:I22) -> 0.001 | I33: =STDEV(H22:I22) -> 0

Sheet +101 seg
A1: 0 | B1: 1 | C1: 2 | D1: 3 | E1: 4 | F1: 5 | G1: 6 | H1: 7 | I1: 8 | J1: 9 | K1: 10 | L1: 11 | M1: 12
A2: * | B2: 1 | C2: 2 | D2: 3 | E2: 4 | F2: 5 | G2: 6 | H2: 7 | I2: 8 | J2: 9 | K2: 10 | L2: 11 | M2: 12
A3: A | B3: 0.101 | C3: 0.086 | D3: 0.076 | E3: 0.087 | F3: 0.144 | G3: 0.118 | H3: 0.083 | I3: 0.062 | J3: 0.054 | K3: 0.048 | L3: 0.12 | M3: 0.092
A4: B | B4: 0.129 | C4: 0.141 | D4: 0.08 | E4: 0.088 | F4: 0.151 | G4: 0.13 | H4: 0.097 | I4: 0.095 | J4: 0.061 | K4: 0.053 | L4: 0.093 | M4: 0.111
A5: C | B5: 0.142 | C5: 0.147 | D5: 0.084 | E5: 0.08 | F5: 0.103 | G5: 0.109 | H5: 0.078 | I5: 0.064 | J5: 0.094 | K5: 0.118 | L5: 0.114 | M5: 0.107
A6: D | B6: 0.174 | C6: 0.188 | D6: 0.083 | E6: 0.092 | F6: 0.12 | G6: 0.208 | H6: 0.071 | I6: 0.109 | J6: 0.083 | K6: 0.084 | L6: 0.101 | M6: 0.097
A7: E | B7: 0.136 | C7: 0.151 | D7: 0.083 | E7: 0.091 | F7: 0.117 | G7: 0.111 | H7: 0.101 | I7: 0.081 | J7: 0.069 | K7: 0.069 | L7: 0.651 | M7: 0.097
A8: F | B8: 0.121 | C8: 0.093 | D8: 0.076 | E8: 0.076 | F8: 0.1 | G8: 0.081 | H8: 0.08 | I8: 0.058 | J8: 0.05 | K8: 0.061 | L8: 0.367 | M8: 0.097
A9: G | B9: 0.154 | C9: 0.167 | D9: 0.103 | E9: 0.107 | F9: 0.119 | G9: 0.103 | H9: 0.071 | I9: 0.075 | J9: 0.116 | K9: 0.115 | L9: 0.104 | M9: 0.133
A10: H | B10: 0.21 | C10: 0.219 | D10: 0.104 | E10: 0.111 | F10: 0.241 | G10: 0.164 | H10: 0.098 | I10: 0.093 | J10: 0.096 | K10: 0.125 | L10: 0.125 | M10: 0.096
A14: * | B14: 1 | C14: 2 | D14: 3 | E14: 4 | F14: 5 | G14: 6 | H14: 7 | I14: 8 | J14: 9 | K14: 10 | L14: 11 | M14: 12
A15: A | B15: =B3 - '+0 seg'!$B$3 -> 0.003 | C15: =C3 - '+0 seg'!$C$3 -> 0.001 | D15: =D3 - '+0 seg'!$D$3 -> 0.003 | E15: =E3 - '+0 seg'!$E$3 -> 0 | F15: =F3 - '+0 seg'!$F$3 -> -0.003 | G15: =G3 - '+0 seg'!$G$3 -> 0.003 | H15: =H3 - '+0 seg'!$H$3 -> 0 | I15: =I3 - '+0 seg'!$I$3 -> 0.001 | J15: =J3 - '+0 seg'!$J$3 -> 0.003 | K15: =K3 - '+0 seg'!$K$3 -> -0.004 | L15: =L3 - '+0 seg'!$L$3 -> 0 | M15: =M3 - '+0 seg'!$M$3 -> 0
A16: B | B16: =B4 - '+0 seg'!$B$4 -> 0.001 | C16: =C4 - '+0 seg'!$C$4 -> 0.001 | D16: =D4 - '+0 seg'!$D$4 -> 0.004 | E16: =E4 - '+0 seg'!$E$4 -> 0.004 | F16: =F4 - '+0 seg'!$F$4 -> 0.005 | G16: =G4 - '+0 seg'!$G$4 -> 0.003 | H16: =H4 - '+0 seg'!$H$4 -> 0.006 | I16: =I4 - '+0 seg'!$I$4 -> 0.003 | J16: =J4 - '+0 seg'!$J$4 -> -0.001 | K16: =K4 - '+0 seg'!$K$4 -> 0.001 | L16: =L4 - '+0 seg'!$L$4 -> -0.001 | M16: =M4 - '+0 seg'!$M$4 -> 0
A17: C | B17: =B5 - '+0 seg'!$B$5 -> 0.001 | C17: =C5 - '+0 seg'!$C$5 -> 0.005 | D17: =D5 - '+0 seg'!$D$5 -> 0.004 | E17: =E5 - '+0 seg'!$E$5 -> 0 | F17: =F5 - '+0 seg'!$F$5 -> 0.002 | G17: =G5 - '+0 seg'!$G$5 -> -0.007 | H17: =H5 - '+0 seg'!$H$5 -> 0.003 | I17: =I5 - '+0 seg'!$I$5 -> -0.005 | J17: =J5 - '+0 seg'!$J$5 -> 0 | K17: =K5 - '+0 seg'!$K$5 -> 0 | L17: =L5 - '+0 seg'!$L$5 -> 0 | M17: =M5 - '+0 seg'!$M$5 -> 0
A18: D | B18: =B6 - '+0 seg'!$B$6 -> 0.003 | C18: =C6 - '+0 seg'!$C$6 -> 0.004 | D18: =D6 - '+0 seg'!$D$6 -> 0.001 | E18: =E6 - '+0 seg'!$E$6 -> 0.001 | F18: =F6 - '+0 seg'!$F$6 -> 0.003 | G18: =G6 - '+0 seg'!$G$6 -> 0.009 | H18: =H6 - '+0 seg'!$H$6 -> 0.003 | I18: =I6 - '+0 seg'!$I$6 -> 0 | J18: =J6 - '+0 seg'!$J$6 -> 0 | K18: =K6 - '+0 seg'!$K$6 -> 0 | L18: =L6 - '+0 seg'!$L$6 -> 0 | M18: =M6 - '+0 seg'!$M$6 -> 0
A19: E | B19: =B7 - '+0 seg'!$B$7 -> 0.002 | C19: =C7 - '+0 seg'!$C$7 -> 0 | D19: =D7 - '+0 seg'!$D$7 -> 0.003 | E19: =E7 - '+0 seg'!$E$7 -> 0.003 | F19: =F7 - '+0 seg'!$F$7 -> 0.005 | G19: =G7 - '+0 seg'!$G$7 -> 0.008 | H19: =H7 - '+0 seg'!$H$7 -> 0.007 | I19: =I7 - '+0 seg'!$I$7 -> -0.003 | J19: =J7 - '+0 seg'!$J$7 -> 0 | K19: =K7 - '+0 seg'!$K$7 -> 0 | L19: =L7 - '+0 seg'!$L$7 -> 0.008 | M19: =M7 - '+0 seg'!$M$7 -> 0
A20: F | B20: =B8 - '+0 seg'!$B$8 -> 0.005 | C20: =C8 - '+0 seg'!$C$8 -> 0.002 | D20: =D8 - '+0 seg'!$D$8 -> -0.003 | E20: =E8 - '+0 seg'!$E$8 -> 0.001 | F20: =F8 - '+0 seg'!$F$8 -> 0.004 | G20: =G8 - '+0 seg'!$G$8 -> 0.002 | H20: =H8 - '+0 seg'!$H$8 -> 0.004 | I20: =I8 - '+0 seg'!$I$8 -> -0.001 | J20: =J8 - '+0 seg'!$J$8 -> -0.001 | K20: =K8 - '+0 seg'!$K$8 -> -0.001 | L20: =L8 - '+0 seg'!$L$8 -> -0.002 | M20: =M8 - '+0 seg'!$M$8 -> 0
A21: G | B21: =B9 - '+0 seg'!$B$9 -> 0.003 | C21: =C9 - '+0 seg'!$C$9 -> 0.005 | D21: =D9 - '+0 seg'!$D$9 -> 0.003 | E21: =E9 - '+0 seg'!$E$9 -> 0.002 | F21: =F9 - '+0 seg'!$F$9 -> 0.003 | G21: =G9 - '+0 seg'!$G$9 -> 0.005 | H21: =H9 - '+0 seg'!$H$9 -> 0.001 | I21: =I9 - '+0 seg'!$I$9 -> 0.001 | J21: =J9 - '+0 seg'!$J$9 -> 0 | K21: =K9 - '+0 seg'!$K$9 -> 0.001 | L21: =L9 - '+0 seg'!$L$9 -> 0 | M21: =M9 - '+0 seg'!$M$9 -> 0
A22: H | B22: =B10 - '+0 seg'!$B$10 -> -0.009 | C22: =C10 - '+0 seg'!$C$10 -> 0.014 | D22: =D10 - '+0 seg'!$D$10 -> -0.001 | E22: =E10 - '+0 seg'!$E$10 -> -0.001 | F22: =F10 - '+0 seg'!$F$10 -> 0.015 | G22: =G10 - '+0 seg'!$G$10 -> 0.005 | H22: =H10 - '+0 seg'!$H$10 -> 0.001 | I22: =I10 - '+0 seg'!$I$10 -> 0.001 | J22: =J10 - '+0 seg'!$J$10 -> 0 | K22: =K10 - '+0 seg'!$K$10 -> 0 | L22: =L10 - '+0 seg'!$L$10 -> 0 | M22: =M10 - '+0 seg'!$M$10 -> 0
A25: * | B25: Mean 1-2 | C25: DE 1-2 | D25: Mean 3-4 | E25: DE 3-4 | F25: Mean 5-6 | G25: DE 5-6 | H25: Mean 7-8 | I25: DE 7-8 | J25: Mean 9 | K25: DE 9 | L25: Mean 10 | M25: DE 10
A26: A | B26: =AVERAGE(B15:C15) -> 0.002 | C26: =STDEV(B15:C15) -> 0.0014142136 | D26: =AVERAGE(D15:E15) -> 0.0015 | E26: =STDEV(D15:E15) -> 0.0021213203 | F26: =AVERAGE(F15:G15) -> -6.9388939e-18 | G26: =STDEV(F15:G15) -> 0.0042426407 | H26: =AVERAGE(H15:I15) -> 0.0005 | I26: =STDEV(H15:I15) -> 0.00070710678 | J26: =AVERAGE(J15:J16) -> 0.001 | K26: =STDEV(J15:J16) -> 0.0028284271 | L26: =AVERAGE(K15:K16) -> -0.0015 | M26: =STDEV(K15:K16) -> 0.0035355339
A27: B | B27: =AVERAGE(B16:C16) -> 0.001 | C27: =STDEV(B16:C16) -> 1.9626156e-17 | D27: =AVERAGE(D16:E16) -> 0.004 | E27: =STDEV(D16:E16) -> 9.8130779e-18 | F27: =AVERAGE(F16:G16) -> 0.004 | G27: =STDEV(F16:G16) -> 0.0014142136 | H27: =AVERAGE(H16:I16) -> 0.0045 | I27: =STDEV(H16:I16) -> 0.0021213203
A28: C | B28: =AVERAGE(B17:C17) -> 0.003 | C28: =STDEV(B17:C17) -> 0.0028284271 | D28: =AVERAGE(D17:E17) -> 0.002 | E28: =STDEV(D17:E17) -> 0.0028284271 | F28: =AVERAGE(F17:G17) -> -0.0025 | G28: =STDEV(F17:G17) -> 0.006363961 | H28: =AVERAGE(H17:I17) -> -0.001 | I28: =STDEV(H17:I17) -> 0.0056568542
A29: D | B29: =AVERAGE(B18:C18) -> 0.0035 | C29: =STDEV(B18:C18) -> 0.00070710678 | D29: =AVERAGE(D18:E18) -> 0.001 | E29: =STDEV(D18:E18) -> 0 | F29: =AVERAGE(F18:G18) -> 0.006 | G29: =STDEV(F18:G18) -> 0.0042426407 | H29: =AVERAGE(H18:I18) -> 0.0015 | I29: =STDEV(H18:I18) -> 0.0021213203
A30: E | B30: =AVERAGE(B19:C19) -> 0.001 | C30: =STDEV(B19:C19) -> 0.0014142136 | D30: =AVERAGE(D19:E19) -> 0.003 | E30: =STDEV(D19:E19) -> 0 | F30: =AVERAGE(F19:G19) -> 0.0065 | G30: =STDEV(F19:G19) -> 0.0021213203 | H30: =AVERAGE(H19:I19) -> 0.002 | I30: =STDEV(H19:I19) -> 0.0070710678 | J30: =AVERAGE(J19:J20) -> -0.0005 | K30: =STDEV(J19:J20) -> 0.00070710678 | L30: =AVERAGE(K19:K20) -> -0.0005 | M30: =STDEV(K19:K20) -> 0.00070710678
A31: F | B31: =AVERAGE(B20:C20) -> 0.0035 | C31: =STDEV(B20:C20) -> 0.0021213203 | D31: =AVERAGE(D20:E20) -> -0.001 | E31: =STDEV(D20:E20) -> 0.0028284271 | F31: =AVERAGE(F20:G20) -> 0.003 | G31: =STDEV(F20:G20) -> 0.0014142136 | H31: =AVERAGE(H20:I20) -> 0.0015 | I31: =STDEV(H20:I20) -> 0.0035355339
A32: G | B32: =AVERAGE(B21:C21) -> 0.004 | C32: =STDEV(B21:C21) -> 0.0014142136 | D32: =AVERAGE(D21:E21) -> 0.0025 | E32: =STDEV(D21:E21) -> 0.00070710678 | F32: =AVERAGE(F21:G21) -> 0.004 | G32: =STDEV(F21:G21) -> 0.0014142136 | H32: =AVERAGE(H21:I21) -> 0.001 | I32: =STDEV(H21:I21) -> 9.8130779e-18
A33: H | B33: =AVERAGE(B22:C22) -> 0.0025 | C33: =STDEV(B22:C22) -> 0.016263456 | D33: =AVERAGE(D22:E22) -> -0.001 | E33: =STDEV(D22:E22) -> 0 | F33: =AVERAGE(F22:G22) -> 0.01 | G33: =STDEV(F22:G22) -> 0.0070710678 | H33: =AVERAGE(H22:I22) -> 0.001 | I33: =STDEV(H22:I22) -> 0

Sheet +120 seg
A1: 0 | B1: 1 | C1: 2 | D1: 3 | E1: 4 | F1: 5 | G1: 6 | H1: 7 | I1: 8 | J1: 9 | K1: 10 | L1: 11 | M1: 12
A2: * | B2: 1 | C2: 2 | D2: 3 | E2: 4 | F2: 5 | G2: 6 | H2: 7 | I2: 8 | J2: 9 | K2: 10 | L2: 11 | M2: 12
A3: A | B3: 0.1 | C3: 0.087 | D3: 0.077 | E3: 0.092 | F3: 0.145 | G3: 0.118 | H3: 0.083 | I3: 0.062 | J3: 0.051 | K3: 0.048 | L3: 0.12 | M3: 0.092
A4: B | B4: 0.128 | C4: 0.141 | D4: 0.078 | E4: 0.087 | F4: 0.151 | G4: 0.13 | H4: 0.096 | I4: 0.095 | J4: 0.061 | K4: 0.054 | L4: 0.093 | M4: 0.111
A5: C | B5: 0.142 | C5: 0.148 | D5: 0.084 | E5: 0.08 | F5: 0.103 | G5: 0.109 | H5: 0.078 | I5: 0.063 | J5: 0.093 | K5: 0.118 | L5: 0.114 | M5: 0.107
A6: D | B6: 0.175 | C6: 0.188 | D6: 0.083 | E6: 0.091 | F6: 0.12 | G6: 0.209 | H6: 0.072 | I6: 0.109 | J6: 0.083 | K6: 0.084 | L6: 0.101 | M6: 0.097
A7: E | B7: 0.136 | C7: 0.152 | D7: 0.083 | E7: 0.091 | F7: 0.119 | G7: 0.111 | H7: 0.101 | I7: 0.079 | J7: 0.068 | K7: 0.069 | L7: 0.649 | M7: 0.097
A8: F | B8: 0.121 | C8: 0.094 | D8: 0.076 | E8: 0.076 | F8: 0.101 | G8: 0.081 | H8: 0.079 | I8: 0.058 | J8: 0.05 | K8: 0.062 | L8: 0.368 | M8: 0.097
A9: G | B9: 0.153 | C9: 0.168 | D9: 0.103 | E9: 0.107 | F9: 0.119 | G9: 0.104 | H9: 0.071 | I9: 0.074 | J9: 0.116 | K9: 0.115 | L9: 0.104 | M9: 0.133
A10: H | B10: 0.205 | C10: 0.221 | D10: 0.104 | E10: 0.112 | F10: 0.243 | G10: 0.165 | H10: 0.098 | I10: 0.093 | J10: 0.096 | K10: 0.125 | L10: 0.125 | M10: 0.097
A14: * | B14: 1 | C14: 2 | D14: 3 | E14: 4 | F14: 5 | G14: 6 | H14: 7 | I14: 8 | J14: 9 | K14: 10 | L14: 11 | M14: 12
A15: A | B15: =B3 - '+0 seg'!$B$3 -> 0.002 | C15: =C3 - '+0 seg'!$C$3 -> 0.002 | D15: =D3 - '+0 seg'!$D$3 -> 0.004 | E15: =E3 - '+0 seg'!$E$3 -> 0.005 | F15: =F3 - '+0 seg'!$F$3 -> -0.002 | G15: =G3 - '+0 seg'!$G$3 -> 0.003 | H15: =H3 - '+0 seg'!$H$3 -> 0 | I15: =I3 - '+0 seg'!$I$3 -> 0.001 | J15: =J3 - '+0 seg'!$J$3 -> 0 | K15: =K3 - '+0 seg'!$K$3 -> -0.004 | L15: =L3 - '+0 seg'!$L$3 -> 0 | M15: =M3 - '+0 seg'!$M$3 -> 0
A16: B | B16: =B4 - '+0 seg'!$B$4 -> 0 | C16: =C4 - '+0 seg'!$C$4 -> 0.001 | D16: =D4 - '+0 seg'!$D$4 -> 0.002 | E16: =E4 - '+0 seg'!$E$4 -> 0.003 | F16: =F4 - '+0 seg'!$F$4 -> 0.005 | G16: =G4 - '+0 seg'!$G$4 -> 0.003 | H16: =H4 - '+0 seg'!$H$4 -> 0.005 | I16: =I4 - '+0 seg'!$I$4 -> 0.003 | J16: =J4 - '+0 seg'!$J$4 -> -0.001 | K16: =K4 - '+0 seg'!$K$4 -> 0.002 | L16: =L4 - '+0 seg'!$L$4 -> -0.001 | M16: =M4 - '+0 seg'!$M$4 -> 0
A17: C | B17: =B5 - '+0 seg'!$B$5 -> 0.001 | C17: =C5 - '+0 seg'!$C$5 -> 0.006 | D17: =D5 - '+0 seg'!$D$5 -> 0.004 | E17: =E5 - '+0 seg'!$E$5 -> 0 | F17: =F5 - '+0 seg'!$F$5 -> 0.002 | G17: =G5 - '+0 seg'!$G$5 -> -0.007 | H17: =H5 - '+0 seg'!$H$5 -> 0.003 | I17: =I5 - '+0 seg'!$I$5 -> -0.006 | J17: =J5 - '+0 seg'!$J$5 -> -0.001 | K17: =K5 - '+0 seg'!$K$5 -> 0 | L17: =L5 - '+0 seg'!$L$5 -> 0 | M17: =M5 - '+0 seg'!$M$5 -> 0
A18: D | B18: =B6 - '+0 seg'!$B$6 -> 0.004 | C18: =C6 - '+0 seg'!$C$6 -> 0.004 | D18: =D6 - '+0 seg'!$D$6 -> 0.001 | E18: =E6 - '+0 seg'!$E$6 -> 0 | F18: =F6 - '+0 seg'!$F$6 -> 0.003 | G18: =G6 - '+0 seg'!$G$6 -> 0.01 | H18: =H6 - '+0 seg'!$H$6 -> 0.004 | I18: =I6 - '+0 seg'!$I$6 -> 0 | J18: =J6 - '+0 seg'!$J$6 -> 0 | K18: =K6 - '+0 seg'!$K$6 -> 0 | L18: =L6 - '+0 seg'!$L$6 -> 0 | M18: =M6 - '+0 seg'!$M$6 -> 0
A19: E | B19: =B7 - '+0 seg'!$B$7 -> 0.002 | C19: =C7 - '+0 seg'!$C$7 -> 0.001 | D19: =D7 - '+0 seg'!$D$7 -> 0.003 | E19: =E7 - '+0 seg'!$E$7 -> 0.003 | F19: =F7 - '+0 seg'!$F$7 -> 0.007 | G19: =G7 - '+0 seg'!$G$7 -> 0.008 | H19: =H7 - '+0 seg'!$H$7 -> 0.007 | I19: =I7 - '+0 seg'!$I$7 -> -0.005 | J19: =J7 - '+0 seg'!$J$7 -> -0.001 | K19: =K7 - '+0 seg'!$K$7 -> 0 | L19: =L7 - '+0 seg'!$L$7 -> 0.006 | M19: =M7 - '+0 seg'!$M$7 -> 0
A20: F | B20: =B8 - '+0 seg'!$B$8 -> 0.005 | C20: =C8 - '+0 seg'!$C$8 -> 0.003 | D20: =D8 - '+0 seg'!$D$8 -> -0.003 | E20: =E8 - '+0 seg'!$E$8 -> 0.001 | F20: =F8 - '+0 seg'!$F$8 -> 0.005 | G20: =G8 - '+0 seg'!$G$8 -> 0.002 | H20: =H8 - '+0 seg'!$H$8 -> 0.003 | I20: =I8 - '+0 seg'!$I$8 -> -0.001 | J20: =J8 - '+0 seg'!$J$8 -> -0.001 | K20: =K8 - '+0 seg'!$K$8 -> 0 | L20: =L8 - '+0 seg'!$L$8 -> -0.001 | M20: =M8 - '+0 seg'!$M$8 -> 0
A21: G | B21: =B9 - '+0 seg'!$B$9 -> 0.002 | C21: =C9 - '+0 seg'!$C$9 -> 0.006 | D21: =D9 - '+0 seg'!$D$9 -> 0.003 | E21: =E9 - '+0 seg'!$E$9 -> 0.002 | F21: =F9 - '+0 seg'!$F$9 -> 0.003 | G21: =G9 - '+0 seg'!$G$9 -> 0.006 | H21: =H9 - '+0 seg'!$H$9 -> 0.001 | I21: =I9 - '+0 seg'!$I$9 -> 0 | J21: =J9 - '+0 seg'!$J$9 -> 0 | K21: =K9 - '+0 seg'!$K$9 -> 0.001 | L21: =L9 - '+0 seg'!$L$9 -> 0 | M21: =M9 - '+0 seg'!$M$9 -> 0
A22: H | B22: =B10 - '+0 seg'!$B$10 -> -0.014 | C22: =C10 - '+0 seg'!$C$10 -> 0.016 | D22: =D10 - '+0 seg'!$D$10 -> -0.001 | E22: =E10 - '+0 seg'!$E$10 -> 0 | F22: =F10 - '+0 seg'!$F$10 -> 0.017 | G22: =G10 - '+0 seg'!$G$10 -> 0.006 | H22: =H10 - '+0 seg'!$H$10 -> 0.001 | I22: =I10 - '+0 seg'!$I$10 -> 0.001 | J22: =J10 - '+0 seg'!$J$10 -> 0 | K22: =K10 - '+0 seg'!$K$10 -> 0 | L22: =L10 - '+0 seg'!$L$10 -> 0 | M22: =M10 - '+0 seg'!$M$10 -> 0.001
A25: * | B25: Mean 1-2 | C25: DE 1-2 | D25: Mean 3-4 | E25: DE 3-4 | F25: Mean 5-6 | G25: DE 5-6 | H25: Mean 7-8 | I25: DE 7-8 | J25: Mean 9 | K25: DE 9 | L25: Mean 10 | M25: DE 10
A26: A | B26: =AVERAGE(B15:C15) -> 0.002 | C26: =STDEV(B15:C15) -> 9.8130779e-18 | D26: =AVERAGE(D15:E15) -> 0.0045 | E26: =STDEV(D15:E15) -> 0.00070710678 | F26: =AVERAGE(F15:G15) -> 0.0005 | G26: =STDEV(F15:G15) -> 0.0035355339 | H26: =AVERAGE(H15:I15) -> 0.0005 | I26: =STDEV(H15:I15) -> 0.00070710678 | J26: =AVERAGE(J15:J16) -> -0.0005 | K26: =STDEV(J15:J16) -> 0.00070710678 | L26: =AVERAGE(K15:K16) -> -0.001 | M26: =STDEV(K15:K16) -> 0.0042426407
A27: B | B27: =AVERAGE(B16:C16) -> 0.0005 | C27: =STDEV(B16:C16) -> 0.00070710678 | D27: =AVERAGE(D16:E16) -> 0.0025 | E27: =STDEV(D16:E16) -> 0.00070710678 | F27: =AVERAGE(F16:G16) -> 0.004 | G27: =STDEV(F16:G16) -> 0.0014142136 | H27: =AVERAGE(H16:I16) -> 0.004 | I27: =STDEV(H16:I16) -> 0.0014142136
A28: C | B28: =AVERAGE(B17:C17) -> 0.0035 | C28: =STDEV(B17:C17) -> 0.0035355339 | D28: =AVERAGE(D17:E17) -> 0.002 | E28: =STDEV(D17:E17) -> 0.0028284271 | F28: =AVERAGE(F17:G17) -> -0.0025 | G28: =STDEV(F17:G17) -> 0.006363961 | H28: =AVERAGE(H17:I17) -> -0.0015 | I28: =STDEV(H17:I17) -> 0.006363961
A29: D | B29: =AVERAGE(B18:C18) -> 0.004 | C29: =STDEV(B18:C18) -> 1.9626156e-17 | D29: =AVERAGE(D18:E18) -> 0.0005 | E29: =STDEV(D18:E18) -> 0.00070710678 | F29: =AVERAGE(F18:G18) -> 0.0065 | G29: =STDEV(F18:G18) -> 0.0049497475 | H29: =AVERAGE(H18:I18) -> 0.002 | I29: =STDEV(H18:I18) -> 0.0028284271
A30: E | B30: =AVERAGE(B19:C19) -> 0.0015 | C30: =STDEV(B19:C19) -> 0.00070710678 | D30: =AVERAGE(D19:E19) -> 0.003 | E30: =STDEV(D19:E19) -> 0 | F30: =AVERAGE(F19:G19) -> 0.0075 | G30: =STDEV(F19:G19) -> 0.00070710678 | H30: =AVERAGE(H19:I19) -> 0.001 | I30: =STDEV(H19:I19) -> 0.0084852814 | J30: =AVERAGE(J19:J20) -> -0.001 | K30: =STDEV(J19:J20) -> 4.9065389e-18 | L30: =AVERAGE(K19:K20) -> 0 | M30: =STDEV(K19:K20) -> 0
A31: F | B31: =AVERAGE(B20:C20) -> 0.004 | C31: =STDEV(B20:C20) -> 0.0014142136 | D31: =AVERAGE(D20:E20) -> -0.001 | E31: =STDEV(D20:E20) -> 0.0028284271 | F31: =AVERAGE(F20:G20) -> 0.0035 | G31: =STDEV(F20:G20) -> 0.0021213203 | H31: =AVERAGE(H20:I20) -> 0.001 | I31: =STDEV(H20:I20) -> 0.0028284271
A32: G | B32: =AVERAGE(B21:C21) -> 0.004 | C32: =STDEV(B21:C21) -> 0.0028284271 | D32: =AVERAGE(D21:E21) -> 0.0025 | E32: =STDEV(D21:E21) -> 0.00070710678 | F32: =AVERAGE(F21:G21) -> 0.0045 | G32: =STDEV(F21:G21) -> 0.0021213203 | H32: =AVERAGE(H21:I21) -> 0.0005 | I32: =STDEV(H21:I21) -> 0.00070710678
A33: H | B33: =AVERAGE(B22:C22) -> 0.001 | C33: =STDEV(B22:C22) -> 0.021213203 | D33: =AVERAGE(D22:E22) -> -0.0005 | E33: =STDEV(D22:E22) -> 0.00070710678 | F33: =AVERAGE(F22:G22) -> 0.0115 | G33: =STDEV(F22:G22) -> 0.0077781746 | H33: =AVERAGE(H22:I22) -> 0.001 | I33: =STDEV(H22:I22) -> 0

Sheet +140 seg
A1: 0 | B1: 1 | C1: 2 | D1: 3 | E1: 4 | F1: 5 | G1: 6 | H1: 7 | I1: 8 | J1: 9 | K1: 10 | L1: 11 | M1: 12
A2: * | B2: 1 | C2: 2 | D2: 3 | E2: 4 | F2: 5 | G2: 6 | H2: 7 | I2: 8 | J2: 9 | K2: 10 | L2: 11 | M2: 12
A3: A | B3: 0.098 | C3: 0.087 | D3: 0.078 | E3: 0.082 | F3: 0.146 | G3: 0.119 | H3: 0.083 | I3: 0.062 | J3: 0.052 | K3: 0.048 | L3: 0.12 | M3: 0.092
A4: B | B4: 0.129 | C4: 0.141 | D4: 0.079 | E4: 0.087 | F4: 0.151 | G4: 0.13 | H4: 0.097 | I4: 0.095 | J4: 0.062 | K4: 0.054 | L4: 0.093 | M4: 0.111
A5: C | B5: 0.143 | C5: 0.149 | D5: 0.084 | E5: 0.079 | F5: 0.104 | G5: 0.109 | H5: 0.08 | I5: 0.063 | J5: 0.094 | K5: 0.118 | L5: 0.114 | M5: 0.107
A6: D | B6: 0.176 | C6: 0.19 | D6: 0.083 | E6: 0.091 | F6: 0.12 | G6: 0.21 | H6: 0.071 | I6: 0.11 | J6: 0.083 | K6: 0.084 | L6: 0.101 | M6: 0.097
A7: E | B7: 0.137 | C7: 0.146 | D7: 0.083 | E7: 0.092 | F7: 0.12 | G7: 0.113 | H7: 0.103 | I7: 0.079 | J7: 0.069 | K7: 0.069 | L7: 0.648 | M7: 0.096
A8: F | B8: 0.12 | C8: 0.093 | D8: 0.077 | E8: 0.077 | F8: 0.101 | G8: 0.081 | H8: 0.08 | I8: 0.057 | J8: 0.05 | K8: 0.062 | L8: 0.366 | M8: 0.098
A9: G | B9: 0.152 | C9: 0.168 | D9: 0.104 | E9: 0.108 | F9: 0.12 | G9: 0.105 | H9: 0.07 | I9: 0.075 | J9: 0.116 | K9: 0.115 | L9: 0.104 | M9: 0.133
A10: H | B10: 0.206 | C10: 0.222 | D10: 0.104 | E10: 0.112 | F10: 0.247 | G10: 0.165 | H10: 0.098 | I10: 0.093 | J10: 0.096 | K10: 0.125 | L10: 0.125 | M10: 0.097
A14: * | B14: 1 | C14: 2 | D14: 3 | E14: 4 | F14: 5 | G14: 6 | H14: 7 | I14: 8 | J14: 9 | K14: 10 | L14: 11 | M14: 12
A15: A | B15: =B3 - '+0 seg'!$B$3 -> 0 | C15: =C3 - '+0 seg'!$C$3 -> 0.002 | D15: =D3 - '+0 seg'!$D$3 -> 0.005 | E15: =E3 - '+0 seg'!$E$3 -> -0.005 | F15: =F3 - '+0 seg'!$F$3 -> -0.001 | G15: =G3 - '+0 seg'!$G$3 -> 0.004 | H15: =H3 - '+0 seg'!$H$3 -> 0 | I15: =I3 - '+0 seg'!$I$3 -> 0.001 | J15: =J3 - '+0 seg'!$J$3 -> 0.001 | K15: =K3 - '+0 seg'!$K$3 -> -0.004 | L15: =L3 - '+0 seg'!$L$3 -> 0 | M15: =M3 - '+0 seg'!$M$3 -> 0
A16: B | B16: =B4 - '+0 seg'!$B$4 -> 0.001 | C16: =C4 - '+0 seg'!$C$4 -> 0.001 | D16: =D4 - '+0 seg'!$D$4 -> 0.003 | E16: =E4 - '+0 seg'!$E$4 -> 0.003 | F16: =F4 - '+0 seg'!$F$4 -> 0.005 | G16: =G4 - '+0 seg'!$G$4 -> 0.003 | H16: =H4 - '+0 seg'!$H$4 -> 0.006 | I16: =I4 - '+0 seg'!$I$4 -> 0.003 | J16: =J4 - '+0 seg'!$J$4 -> 0 | K16: =K4 - '+0 seg'!$K$4 -> 0.002 | L16: =L4 - '+0 seg'!$L$4 -> -0.001 | M16: =M4 - '+0 seg'!$M$4 -> 0
A17: C | B17: =B5 - '+0 seg'!$B$5 -> 0.002 | C17: =C5 - '+0 seg'!$C$5 -> 0.007 | D17: =D5 - '+0 seg'!$D$5 -> 0.004 | E17: =E5 - '+0 seg'!$E$5 -> -0.001 | F17: =F5 - '+0 seg'!$F$5 -> 0.003 | G17: =G5 - '+0 seg'!$G$5 -> -0.007 | H17: =H5 - '+0 seg'!$H$5 -> 0.005 | I17: =I5 - '+0 seg'!$I$5 -> -0.006 | J17: =J5 - '+0 seg'!$J$5 -> 0 | K17: =K5 - '+0 seg'!$K$5 -> 0 | L17: =L5 - '+0 seg'!$L$5 -> 0 | M17: =M5 - '+0 seg'!$M$5 -> 0
A18: D | B18: =B6 - '+0 seg'!$B$6 -> 0.005 | C18: =C6 - '+0 seg'!$C$6 -> 0.006 | D18: =D6 - '+0 seg'!$D$6 -> 0.001 | E18: =E6 - '+0 seg'!$E$6 -> 0 | F18: =F6 - '+0 seg'!$F$6 -> 0.003 | G18: =G6 - '+0 seg'!$G$6 -> 0.011 | H18: =H6 - '+0 seg'!$H$6 -> 0.003 | I18: =I6 - '+0 seg'!$I$6 -> 0.001 | J18: =J6 - '+0 seg'!$J$6 -> 0 | K18: =K6 - '+0 seg'!$K$6 -> 0 | L18: =L6 - '+0 seg'!$L$6 -> 0 | M18: =M6 - '+0 seg'!$M$6 -> 0
A19: E | B19: =B7 - '+0 seg'!$B$7 -> 0.003 | C19: =C7 - '+0 seg'!$C$7 -> -0.005 | D19: =D7 - '+0 seg'!$D$7 -> 0.003 | E19: =E7 - '+0 seg'!$E$7 -> 0.004 | F19: =F7 - '+0 seg'!$F$7 -> 0.008 | G19: =G7 - '+0 seg'!$G$7 -> 0.01 | H19: =H7 - '+0 seg'!$H$7 -> 0.009 | I19: =I7 - '+0 seg'!$I$7 -> -0.005 | J19: =J7 - '+0 seg'!$J$7 -> 0 | K19: =K7 - '+0 seg'!$K$7 -> 0 | L19: =L7 - '+0 seg'!$L$7 -> 0.005 | M19: =M7 - '+0 seg'!$M$7 -> -0.001
A20: F | B20: =B8 - '+0 seg'!$B$8 -> 0.004 | C20: =C8 - '+0 seg'!$C$8 -> 0.002 | D20: =D8 - '+0 seg'!$D$8 -> -0.002 | E20: =E8 - '+0 seg'!$E$8 -> 0.002 | F20: =F8 - '+0 seg'!$F$8 -> 0.005 | G20: =G8 - '+0 seg'!$G$8 -> 0.002 | H20: =H8 - '+0 seg'!$H$8 -> 0.004 | I20: =I8 - '+0 seg'!$I$8 -> -0.002 | J20: =J8 - '+0 seg'!$J$8 -> -0.001 | K20: =K8 - '+0 seg'!$K$8 -> 0 | L20: =L8 - '+0 seg'!$L$8 -> -0.003 | M20: =M8 - '+0 seg'!$M$8 -> 0.001
A21: G | B21: =B9 - '+0 seg'!$B$9 -> 0.001 | C21: =C9 - '+0 seg'!$C$9 -> 0.006 | D21: =D9 - '+0 seg'!$D$9 -> 0.004 | E21: =E9 - '+0 seg'!$E$9 -> 0.003 | F21: =F9 - '+0 seg'!$F$9 -> 0.004 | G21: =G9 - '+0 seg'!$G$9 -> 0.007 | H21: =H9 - '+0 seg'!$H$9 -> 0 | I21: =I9 - '+0 seg'!$I$9 -> 0.001 | J21: =J9 - '+0 seg'!$J$9 -> 0 | K21: =K9 - '+0 seg'!$K$9 -> 0.001 | L21: =L9 - '+0 seg'!$L$9 -> 0 | M21: =M9 - '+0 seg'!$M$9 -> 0
A22: H | B22: =B10 - '+0 seg'!$B$10 -> -0.013 | C22: =C10 - '+0 seg'!$C$10 -> 0.017 | D22: =D10 - '+0 seg'!$D$10 -> -0.001 | E22: =E10 - '+0 seg'!$E$10 -> 0 | F22: =F10 - '+0 seg'!$F$10 -> 0.021 | G22: =G10 - '+0 seg'!$G$10 -> 0.006 | H22: =H10 - '+0 seg'!$H$10 -> 0.001 | I22: =I10 - '+0 seg'!$I$10 -> 0.001 | J22: =J10 - '+0 seg'!$J$10 -> 0 | K22: =K10 - '+0 seg'!$K$10 -> 0 | L22: =L10 - '+0 seg'!$L$10 -> 0 | M22: =M10 - '+0 seg'!$M$10 -> 0.001
A25: * | B25: Mean 1-2 | C25: DE 1-2 | D25: Mean 3-4 | E25: DE 3-4 | F25: Mean 5-6 | G25: DE 5-6 | H25: Mean 7-8 | I25: DE 7-8 | J25: Mean 9 | K25: DE 9 | L25: Mean 10 | M25: DE 10
A26: A | B26: =AVERAGE(B15:C15) -> 0.001 | C26: =STDEV(B15:C15) -> 0.0014142136 | D26: =AVERAGE(D15:E15) -> 6.9388939e-18 | E26: =STDEV(D15:E15) -> 0.0070710678 | F26: =AVERAGE(F15:G15) -> 0.0015 | G26: =STDEV(F15:G15) -> 0.0035355339 | H26: =AVERAGE(H15:I15) -> 0.0005 | I26: =STDEV(H15:I15) -> 0.00070710678 | J26: =AVERAGE(J15:J16) -> 0.0005 | K26: =STDEV(J15:J16) -> 0.00070710678 | L26: =AVERAGE(K15:K16) -> -0.001 | M26: =STDEV(K15:K16) -> 0.0042426407
A27: B | B27: =AVERAGE(B16:C16) -> 0.001 | C27: =STDEV(B16:C16) -> 1.9626156e-17 | D27: =AVERAGE(D16:E16) -> 0.003 | E27: =STDEV(D16:E16) -> 9.8130779e-18 | F27: =AVERAGE(F16:G16) -> 0.004 | G27: =STDEV(F16:G16) -> 0.0014142136 | H27: =AVERAGE(H16:I16) -> 0.0045 | I27: =STDEV(H16:I16) -> 0.0021213203
A28: C | B28: =AVERAGE(B17:C17) -> 0.0045 | C28: =STDEV(B17:C17) -> 0.0035355339 | D28: =AVERAGE(D17:E17) -> 0.0015 | E28: =STDEV(D17:E17) -> 0.0035355339 | F28: =AVERAGE(F17:G17) -> -0.002 | G28: =STDEV(F17:G17) -> 0.0070710678 | H28: =AVERAGE(H17:I17) -> -0.0005 | I28: =STDEV(H17:I17) -> 0.0077781746
A29: D | B29: =AVERAGE(B18:C18) -> 0.0055 | C29: =STDEV(B18:C18) -> 0.00070710678 | D29: =AVERAGE(D18:E18) -> 0.0005 | E29: =STDEV(D18:E18) -> 0.00070710678 | F29: =AVERAGE(F18:G18) -> 0.007 | G29: =STDEV(F18:G18) -> 0.0056568542 | H29: =AVERAGE(H18:I18) -> 0.002 | I29: =STDEV(H18:I18) -> 0.0014142136
A30: E | B30: =AVERAGE(B19:C19) -> -0.001 | C30: =STDEV(B19:C19) -> 0.0056568542 | D30: =AVERAGE(D19:E19) -> 0.0035 | E30: =STDEV(D19:E19) -> 0.00070710678 | F30: =AVERAGE(F19:G19) -> 0.009 | G30: =STDEV(F19:G19) -> 0.0014142136 | H30: =AVERAGE(H19:I19) -> 0.002 | I30: =STDEV(H19:I19) -> 0.0098994949 | J30: =AVERAGE(J19:J20) -> -0.0005 | K30: =STDEV(J19:J20) -> 0.00070710678 | L30: =AVERAGE(K19:K20) -> 0 | M30: =STDEV(K19:K20) -> 0
A31: F | B31: =AVERAGE(B20:C20) -> 0.003 | C31: =STDEV(B20:C20) -> 0.0014142136 | D31: =AVERAGE(D20:E20) -> 0 | E31: =STDEV(D20:E20) -> 0.0028284271 | F31: =AVERAGE(F20:G20) -> 0.0035 | G31: =STDEV(F20:G20) -> 0.0021213203 | H31: =AVERAGE(H20:I20) -> 0.001 | I31: =STDEV(H20:I20) -> 0.0042426407
A32: G | B32: =AVERAGE(B21:C21) -> 0.0035 | C32: =STDEV(B21:C21) -> 0.0035355339 | D32: =AVERAGE(D21:E21) -> 0.0035 | E32: =STDEV(D21:E21) -> 0.00070710678 | F32: =AVERAGE(F21:G21) -> 0.0055 | G32: =STDEV(F21:G21) -> 0.0021213203 | H32: =AVERAGE(H21:I21) -> 0.0005 | I32: =STDEV(H21:I21) -> 0.00070710678
A33: H | B33: =AVERAGE(B22:C22) -> 0.002 | C33: =STDEV(B22:C22) -> 0.021213203 | D33: =AVERAGE(D22:E22) -> -0.0005 | E33: =STDEV(D22:E22) -> 0.00070710678 | F33: =AVERAGE(F22:G22) -> 0.0135 | G33: =STDEV(F22:G22) -> 0.010606602 | H33: =AVERAGE(H22:I22) -> 0.001 | I33: =STDEV(H22:I22) -> 0

Sheet +158 seg
A1: 0 | B1: 1 | C1: 2 | D1: 3 | E1: 4 | F1: 5 | G1: 6 | H1: 7 | I1: 8 | J1: 9 | K1: 10 | L1: 11 | M1: 12
A2: * | B2: 1 | C2: 2 | D2: 3 | E2: 4 | F2: 5 | G2: 6 | H2: 7 | I2: 8 | J2: 9 | K2: 10 | L2: 11 | M2: 12
A3: A | B3: 0.1 | C3: 0.088 | D3: 0.079 | E3: 0.094 | F3: 0.147 | G3: 0.12 | H3: 0.083 | I3: 0.063 | J3: 0.051 | K3: 0.048 | L3: 0.12 | M3: 0.092
A4: B | B4: 0.13 | C4: 0.142 | D4: 0.08 | E4: 0.09 | F4: 0.152 | G4: 0.131 | H4: 0.097 | I4: 0.095 | J4: 0.061 | K4: 0.054 | L4: 0.093 | M4: 0.111
A5: C | B5: 0.143 | C5: 0.149 | D5: 0.085 | E5: 0.079 | F5: 0.104 | G5: 0.109 | H5: 0.08 | I5: 0.063 | J5: 0.093 | K5: 0.118 | L5: 0.114 | M5: 0.107
A6: D | B6: 0.176 | C6: 0.19 | D6: 0.083 | E6: 0.092 | F6: 0.12 | G6: 0.211 | H6: 0.071 | I6: 0.109 | J6: 0.083 | K6: 0.084 | L6: 0.101 | M6: 0.097
A7: E | B7: 0.136 | C7: 0.148 | D7: 0.083 | E7: 0.093 | F7: 0.121 | G7: 0.114 | H7: 0.105 | I7: 0.078 | J7: 0.069 | K7: 0.069 | L7: 0.658 | M7: 0.096
A8: F | B8: 0.121 | C8: 0.093 | D8: 0.077 | E8: 0.077 | F8: 0.104 | G8: 0.081 | H8: 0.08 | I8: 0.057 | J8: 0.05 | K8: 0.062 | L8: 0.368 | M8: 0.098
A9: G | B9: 0.154 | C9: 0.169 | D9: 0.104 | E9: 0.107 | F9: 0.12 | G9: 0.106 | H9: 0.071 | I9: 0.075 | J9: 0.116 | K9: 0.115 | L9: 0.104 | M9: 0.133
A10: H | B10: 0.213 | C10: 0.223 | D10: 0.104 | E10: 0.113 | F10: 0.248 | G10: 0.165 | H10: 0.1 | I10: 0.093 | J10: 0.096 | K10: 0.125 | L10: 0.125 | M10: 0.097
A14: * | B14: 1 | C14: 2 | D14: 3 | E14: 4 | F14: 5 | G14: 6 | H14: 7 | I14: 8 | J14: 9 | K14: 10 | L14: 11 | M14: 12
A15: A | B15: =B3 - '+0 seg'!$B$3 -> 0.002 | C15: =C3 - '+0 seg'!$C$3 -> 0.003 | D15: =D3 - '+0 seg'!$D$3 -> 0.006 | E15: =E3 - '+0 seg'!$E$3 -> 0.007 | F15: =F3 - '+0 seg'!$F$3 -> 0 | G15: =G3 - '+0 seg'!$G$3 -> 0.005 | H15: =H3 - '+0 seg'!$H$3 -> 0 | I15: =I3 - '+0 seg'!$I$3 -> 0.002 | J15: =J3 - '+0 seg'!$J$3 -> 0 | K15: =K3 - '+0 seg'!$K$3 -> -0.004 | L15: =L3 - '+0 seg'!$L$3 -> 0 | M15: =M3 - '+0 seg'!$M$3 -> 0
A16: B | B16: =B4 - '+0 seg'!$B$4 -> 0.002 | C16: =C4 - '+0 seg'!$C$4 -> 0.002 | D16: =D4 - '+0 seg'!$D$4 -> 0.004 | E16: =E4 - '+0 seg'!$E$4 -> 0.006 | F16: =F4 - '+0 seg'!$F$4 -> 0.006 | G16: =G4 - '+0 seg'!$G$4 -> 0.004 | H16: =H4 - '+0 seg'!$H$4 -> 0.006 | I16: =I4 - '+0 seg'!$I$4 -> 0.003 | J16: =J4 - '+0 seg'!$J$4 -> -0.001 | K16: =K4 - '+0 seg'!$K$4 -> 0.002 | L16: =L4 - '+0 seg'!$L$4 -> -0.001 | M16: =M4 - '+0 seg'!$M$4 -> 0
A17: C | B17: =B5 - '+0 seg'!$B$5 -> 0.002 | C17: =C5 - '+0 seg'!$C$5 -> 0.007 | D17: =D5 - '+0 seg'!$D$5 -> 0.005 | E17: =E5 - '+0 seg'!$E$5 -> -0.001 | F17: =F5 - '+0 seg'!$F$5 -> 0.003 | G17: =G5 - '+0 seg'!$G$5 -> -0.007 | H17: =H5 - '+0 seg'!$H$5 -> 0.005 | I17: =I5 - '+0 seg'!$I$5 -> -0.006 | J17: =J5 - '+0 seg'!$J$5 -> -0.001 | K17: =K5 - '+0 seg'!$K$5 -> 0 | L17: =L5 - '+0 seg'!$L$5 -> 0 | M17: =M5 - '+0 seg'!$M$5 -> 0
A18: D | B18: =B6 - '+0 seg'!$B$6 -> 0.005 | C18: =C6 - '+0 seg'!$C$6 -> 0.006 | D18: =D6 - '+0 seg'!$D$6 -> 0.001 | E18: =E6 - '+0 seg'!$E$6 -> 0.001 | F18: =F6 - '+0 seg'!$F$6 -> 0.003 | G18: =G6 - '+0 seg'!$G$6 -> 0.012 | H18: =H6 - '+0 seg'!$H$6 -> 0.003 | I18: =I6 - '+0 seg'!$I$6 -> 0 | J18: =J6 - '+0 seg'!$J$6 -> 0 | K18: =K6 - '+0 seg'!$K$6 -> 0 | L18: =L6 - '+0 seg'!$L$6 -> 0 | M18: =M6 - '+0 seg'!$M$6 -> 0
A19: E | B19: =B7 - '+0 seg'!$B$7 -> 0.002 | C19: =C7 - '+0 seg'!$C$7 -> -0.003 | D19: =D7 - '+0 seg'!$D$7 -> 0.003 | E19: =E7 - '+0 seg'!$E$7 -> 0.005 | F19: =F7 - '+0 seg'!$F$7 -> 0.009 | G19: =G7 - '+0 seg'!$G$7 -> 0.011 | H19: =H7 - '+0 seg'!$H$7 -> 0.011 | I19: =I7 - '+0 seg'!$I$7 -> -0.006 | J19: =J7 - '+0 seg'!$J$7 -> 0 | K19: =K7 - '+0 seg'!$K$7 -> 0 | L19: =L7 - '+0 seg'!$L$7 -> 0.015 | M19: =M7 - '+0 seg'!$M$7 -> -0.001
A20: F | B20: =B8 - '+0 seg'!$B$8 -> 0.005 | C20: =C8 - '+0 seg'!$C$8 -> 0.002 | D20: =D8 - '+0 seg'!$D$8 -> -0.002 | E20: =E8 - '+0 seg'!$E$8 -> 0.002 | F20: =F8 - '+0 seg'!$F$8 -> 0.008 | G20: =G8 - '+0 seg'!$G$8 -> 0.002 | H20: =H8 - '+0 seg'!$H$8 -> 0.004 | I20: =I8 - '+0 seg'!$I$8 -> -0.002 | J20: =J8 - '+0 seg'!$J$8 -> -0.001 | K20: =K8 - '+0 seg'!$K$8 -> 0 | L20: =L8 - '+0 seg'!$L$8 -> -0.001 | M20: =M8 - '+0 seg'!$M$8 -> 0.001
A21: G | B21: =B9 - '+0 seg'!$B$9 -> 0.003 | C21: =C9 - '+0 seg'!$C$9 -> 0.007 | D21: =D9 - '+0 seg'!$D$9 -> 0.004 | E21: =E9 - '+0 seg'!$E$9 -> 0.002 | F21: =F9 - '+0 seg'!$F$9 -> 0.004 | G21: =G9 - '+0 seg'!$G$9 -> 0.008 | H21: =H9 - '+0 seg'!$H$9 -> 0.001 | I21: =I9 - '+0 seg'!$I$9 -> 0.001 | J21: =J9 - '+0 seg'!$J$9 -> 0 | K21: =K9 - '+0 seg'!$K$9 -> 0.001 | L21: =L9 - '+0 seg'!$L$9 -> 0 | M21: =M9 - '+0 seg'!$M$9 -> 0
A22: H | B22: =B10 - '+0 seg'!$B$10 -> -0.006 | C22: =C10 - '+0 seg'!$C$10 -> 0.018 | D22: =D10 - '+0 seg'!$D$10 -> -0.001 | E22: =E10 - '+0 seg'!$E$10 -> 0.001 | F22: =F10 - '+0 seg'!$F$10 -> 0.022 | G22: =G10 - '+0 seg'!$G$10 -> 0.006 | H22: =H10 - '+0 seg'!$H$10 -> 0.003 | I22: =I10 - '+0 seg'!$I$10 -> 0.001 | J22: =J10 - '+0 seg'!$J$10 -> 0 | K22: =K10 - '+0 seg'!$K$10 -> 0 | L22: =L10 - '+0 seg'!$L$10 -> 0 | M22: =M10 - '+0 seg'!$M$10 -> 0.001
A25: * | B25: Mean 1-2 | C25: DE 1-2 | D25: Mean 3-4 | E25: DE 3-4 | F25: Mean 5-6 | G25: DE 5-6 | H25: Mean 7-8 | I25: DE 7-8 | J25: Mean 9 | K25: DE 9 | L25: Mean 10 | M25: DE 10
A26: A | B26: =AVERAGE(B15:C15) -> 0.0025 | C26: =STDEV(B15:C15) -> 0.00070710678 | D26: =AVERAGE(D15:E15) -> 0.0065 | E26: =STDEV(D15:E15) -> 0.00070710678 | F26: =AVERAGE(F15:G15) -> 0.0025 | G26: =STDEV(F15:G15) -> 0.0035355339 | H26: =AVERAGE(H15:I15) -> 0.001 | I26: =STDEV(H15:I15) -> 0.0014142136 | J26: =AVERAGE(J15:J16) -> -0.0005 | K26: =STDEV(J15:J16) -> 0.00070710678 | L26: =AVERAGE(K15:K16) -> -0.001 | M26: =STDEV(K15:K16) -> 0.0042426407
A27: B | B27: =AVERAGE(B16:C16) -> 0.002 | C27: =STDEV(B16:C16) -> 1.9626156e-17 | D27: =AVERAGE(D16:E16) -> 0.005 | E27: =STDEV(D16:E16) -> 0.0014142136 | F27: =AVERAGE(F16:G16) -> 0.005 | G27: =STDEV(F16:G16) -> 0.0014142136 | H27: =AVERAGE(H16:I16) -> 0.0045 | I27: =STDEV(H16:I16) -> 0.0021213203
A28: C | B28: =AVERAGE(B17:C17) -> 0.0045 | C28: =STDEV(B17:C17) -> 0.0035355339 | D28: =AVERAGE(D17:E17) -> 0.002 | E28: =STDEV(D17:E17) -> 0.0042426407 | F28: =AVERAGE(F17:G17) -> -0.002 | G28: =STDEV(F17:G17) -> 0.0070710678 | H28: =AVERAGE(H17:I17) -> -0.0005 | I28: =STDEV(H17:I17) -> 0.0077781746
A29: D | B29: =AVERAGE(B18:C18) -> 0.0055 | C29: =STDEV(B18:C18) -> 0.00070710678 | D29: =AVERAGE(D18:E18) -> 0.001 | E29: =STDEV(D18:E18) -> 0 | F29: =AVERAGE(F18:G18) -> 0.0075 | G29: =STDEV(F18:G18) -> 0.006363961 | H29: =AVERAGE(H18:I18) -> 0.0015 | I29: =STDEV(H18:I18) -> 0.0021213203
A30: E | B30: =AVERAGE(B19:C19) -> -0.0005 | C30: =STDEV(B19:C19) -> 0.0035355339 | D30: =AVERAGE(D19:E19) -> 0.004 | E30: =STDEV(D19:E19) -> 0.0014142136 | F30: =AVERAGE(F19:G19) -> 0.01 | G30: =STDEV(F19:G19) -> 0.0014142136 | H30: =AVERAGE(H19:I19) -> 0.0025 | I30: =STDEV(H19:I19) -> 0.012020815 | J30: =AVERAGE(J19:J20) -> -0.0005 | K30: =STDEV(J19:J20) -> 0.00070710678 | L30: =AVERAGE(K19:K20) -> 0 | M30: =STDEV(K19:K20) -> 0
A31: F | B31: =AVERAGE(B20:C20) -> 0.0035 | C31: =STDEV(B20:C20) -> 0.0021213203 | D31: =AVERAGE(D20:E20) -> 0 | E31: =STDEV(D20:E20) -> 0.0028284271 | F31: =AVERAGE(F20:G20) -> 0.005 | G31: =STDEV(F20:G20) -> 0.0042426407 | H31: =AVERAGE(H20:I20) -> 0.001 | I31: =STDEV(H20:I20) -> 0.0042426407
A32: G | B32: =AVERAGE(B21:C21) -> 0.005 | C32: =STDEV(B21:C21) -> 0.0028284271 | D32: =AVERAGE(D21:E21) -> 0.003 | E32: =STDEV(D21:E21) -> 0.0014142136 | F32: =AVERAGE(F21:G21) -> 0.006 | G32: =STDEV(F21:G21) -> 0.0028284271 | H32: =AVERAGE(H21:I21) -> 0.001 | I32: =STDEV(H21:I21) -> 9.8130779e-18
A33: H | B33: =AVERAGE(B22:C22) -> 0.006 | C33: =STDEV(B22:C22) -> 0.016970563 | D33: =AVERAGE(D22:E22) -> 0 | E33: =STDEV(D22:E22) -> 0.0014142136 | F33: =AVERAGE(F22:G22) -> 0.014 | G33: =STDEV(F22:G22) -> 0.011313708 | H33: =AVERAGE(H22:I22) -> 0.002 | I33: =STDEV(H22:I22) -> 0.0014142136

Sheet +178 seg
A1: 0 | B1: 1 | C1: 2 | D1: 3 | E1: 4 | F1: 5 | G1: 6 | H1: 7 | I1: 8 | J1: 9 | K1: 10 | L1: 11 | M1: 12
A2: * | B2: 1 | C2: 2 | D2: 3 | E2: 4 | F2: 5 | G2: 6 | H2: 7 | I2: 8 | J2: 9 | K2: 10 | L2: 11 | M2: 12
A3: A | B3: 0.101 | C3: 0.089 | D3: 0.08 | E3: 0.08 | F3: 0.147 | G3: 0.121 | H3: 0.084 | I3: 0.064 | J3: 0.051 | K3: 0.048 | L3: 0.12 | M3: 0.092
A4: B | B4: 0.129 | C4: 0.142 | D4: 0.081 | E4: 0.087 | F4: 0.152 | G4: 0.131 | H4: 0.097 | I4: 0.095 | J4: 0.061 | K4: 0.054 | L4: 0.093 | M4: 0.111
A5: C | B5: 0.143 | C5: 0.15 | D5: 0.084 | E5: 0.079 | F5: 0.105 | G5: 0.109 | H5: 0.08 | I5: 0.062 | J5: 0.094 | K5: 0.118 | L5: 0.114 | M5: 0.107
A6: D | B6: 0.177 | C6: 0.193 | D6: 0.083 | E6: 0.091 | F6: 0.122 | G6: 0.212 | H6: 0.073 | I6: 0.11 | J6: 0.084 | K6: 0.084 | L6: 0.101 | M6: 0.098
A7: E | B7: 0.135 | C7: 0.151 | D7: 0.083 | E7: 0.094 | F7: 0.122 | G7: 0.115 | H7: 0.106 | I7: 0.078 | J7: 0.069 | K7: 0.07 | L7: 0.659 | M7: 0.096
A8: F | B8: 0.121 | C8: 0.094 | D8: 0.076 | E8: 0.078 | F8: 0.102 | G8: 0.082 | H8: 0.081 | I8: 0.056 | J8: 0.049 | K8: 0.062 | L8: 0.37 | M8: 0.097
A9: G | B9: 0.154 | C9: 0.169 | D9: 0.105 | E9: 0.108 | F9: 0.121 | G9: 0.106 | H9: 0.07 | I9: 0.075 | J9: 0.116 | K9: 0.115 | L9: 0.104 | M9: 0.133
A10: H | B10: 0.207 | C10: 0.225 | D10: 0.104 | E10: 0.114 | F10: 0.251 | G10: 0.165 | H10: 0.099 | I10: 0.094 | J10: 0.096 | K10: 0.125 | L10: 0.125 | M10: 0.093
A14: * | B14: 1 | C14: 2 | D14: 3 | E14: 4 | F14: 5 | G14: 6 | H14: 7 | I14: 8 | J14: 9 | K14: 10 | L14: 11 | M14: 12
A15: A | B15: =B3 - '+0 seg'!$B$3 -> 0.003 | C15: =C3 - '+0 seg'!$C$3 -> 0.004 | D15: =D3 - '+0 seg'!$D$3 -> 0.007 | E15: =E3 - '+0 seg'!$E$3 -> -0.007 | F15: =F3 - '+0 seg'!$F$3 -> 0 | G15: =G3 - '+0 seg'!$G$3 -> 0.006 | H15: =H3 - '+0 seg'!$H$3 -> 0.001 | I15: =I3 - '+0 seg'!$I$3 -> 0.003 | J15: =J3 - '+0 seg'!$J$3 -> 0 | K15: =K3 - '+0 seg'!$K$3 -> -0.004 | L15: =L3 - '+0 seg'!$L$3 -> 0 | M15: =M3 - '+0 seg'!$M$3 -> 0
A16: B | B16: =B4 - '+0 seg'!$B$4 -> 0.001 | C16: =C4 - '+0 seg'!$C$4 -> 0.002 | D16: =D4 - '+0 seg'!$D$4 -> 0.005 | E16: =E4 - '+0 seg'!$E$4 -> 0.003 | F16: =F4 - '+0 seg'!$F$4 -> 0.006 | G16: =G4 - '+0 seg'!$G$4 -> 0.004 | H16: =H4 - '+0 seg'!$H$4 -> 0.006 | I16: =I4 - '+0 seg'!$I$4 -> 0.003 | J16: =J4 - '+0 seg'!$J$4 -> -0.001 | K16: =K4 - '+0 seg'!$K$4 -> 0.002 | L16: =L4 - '+0 seg'!$L$4 -> -0.001 | M16: =M4 - '+0 seg'!$M$4 -> 0
A17: C | B17: =B5 - '+0 seg'!$B$5 -> 0.002 | C17: =C5 - '+0 seg'!$C$5 -> 0.008 | D17: =D5 - '+0 seg'!$D$5 -> 0.004 | E17: =E5 - '+0 seg'!$E$5 -> -0.001 | F17: =F5 - '+0 seg'!$F$5 -> 0.004 | G17: =G5 - '+0 seg'!$G$5 -> -0.007 | H17: =H5 - '+0 seg'!$H$5 -> 0.005 | I17: =I5 - '+0 seg'!$I$5 -> -0.007 | J17: =J5 - '+0 seg'!$J$5 -> 0 | K17: =K5 - '+0 seg'!$K$5 -> 0 | L17: =L5 - '+0 seg'!$L$5 -> 0 | M17: =M5 - '+0 seg'!$M$5 -> 0
A18: D | B18: =B6 - '+0 seg'!$B$6 -> 0.006 | C18: =C6 - '+0 seg'!$C$6 -> 0.009 | D18: =D6 - '+0 seg'!$D$6 -> 0.001 | E18: =E6 - '+0 seg'!$E$6 -> 0 | F18: =F6 - '+0 seg'!$F$6 -> 0.005 | G18: =G6 - '+0 seg'!$G$6 -> 0.013 | H18: =H6 - '+0 seg'!$H$6 -> 0.005 | I18: =I6 - '+0 seg'!$I$6 -> 0.001 | J18: =J6 - '+0 seg'!$J$6 -> 0.001 | K18: =K6 - '+0 seg'!$K$6 -> 0 | L18: =L6 - '+0 seg'!$L$6 -> 0 | M18: =M6 - '+0 seg'!$M$6 -> 0.001
A19: E | B19: =B7 - '+0 seg'!$B$7 -> 0.001 | C19: =C7 - '+0 seg'!$C$7 -> 0 | D19: =D7 - '+0 seg'!$D$7 -> 0.003 | E19: =E7 - '+0 seg'!$E$7 -> 0.006 | F19: =F7 - '+0 seg'!$F$7 -> 0.01 | G19: =G7 - '+0 seg'!$G$7 -> 0.012 | H19: =H7 - '+0 seg'!$H$7 -> 0.012 | I19: =I7 - '+0 seg'!$I$7 -> -0.006 | J19: =J7 - '+0 seg'!$J$7 -> 0 | K19: =K7 - '+0 seg'!$K$7 -> 0.001 | L19: =L7 - '+0 seg'!$L$7 -> 0.016 | M19: =M7 - '+0 seg'!$M$7 -> -0.001
A20: F | B20: =B8 - '+0 seg'!$B$8 -> 0.005 | C20: =C8 - '+0 seg'!$C$8 -> 0.003 | D20: =D8 - '+0 seg'!$D$8 -> -0.003 | E20: =E8 - '+0 seg'!$E$8 -> 0.003 | F20: =F8 - '+0 seg'!$F$8 -> 0.006 | G20: =G8 - '+0 seg'!$G$8 -> 0.003 | H20: =H8 - '+0 seg'!$H$8 -> 0.005 | I20: =I8 - '+0 seg'!$I$8 -> -0.003 | J20: =J8 - '+0 seg'!$J$8 -> -0.002 | K20: =K8 - '+0 seg'!$K$8 -> 0 | L20: =L8 - '+0 seg'!$L$8 -> 0.001 | M20: =M8 - '+0 seg'!$M$8 -> 0
A21: G | B21: =B9 - '+0 seg'!$B$9 -> 0.003 | C21: =C9 - '+0 seg'!$C$9 -> 0.007 | D21: =D9 - '+0 seg'!$D$9 -> 0.005 | E21: =E9 - '+0 seg'!$E$9 -> 0.003 | F21: =F9 - '+0 seg'!$F$9 -> 0.005 | G21: =G9 - '+0 seg'!$G$9 -> 0.008 | H21: =H9 - '+0 seg'!$H$9 -> 0 | I21: =I9 - '+0 seg'!$I$9 -> 0.001 | J21: =J9 - '+0 seg'!$J$9 -> 0 | K21: =K9 - '+0 seg'!$K$9 -> 0.001 | L21: =L9 - '+0 seg'!$L$9 -> 0 | M21: =M9 - '+0 seg'!$M$9 -> 0
A22: H | B22: =B10 - '+0 seg'!$B$10 -> -0.012 | C22: =C10 - '+0 seg'!$C$10 -> 0.02 | D22: =D10 - '+0 seg'!$D$10 -> -0.001 | E22: =E10 - '+0 seg'!$E$10 -> 0.002 | F22: =F10 - '+0 seg'!$F$10 -> 0.025 | G22: =G10 - '+0 seg'!$G$10 -> 0.006 | H22: =H10 - '+0 seg'!$H$10 -> 0.002 | I22: =I10 - '+0 seg'!$I$10 -> 0.002 | J22: =J10 - '+0 seg'!$J$10 -> 0 | K22: =K10 - '+0 seg'!$K$10 -> 0 | L22: =L10 - '+0 seg'!$L$10 -> 0 | M22: =M10 - '+0 seg'!$M$10 -> -0.003
A25: * | B25: Mean 1-2 | C25: DE 1-2 | D25: Mean 3-4 | E25: DE 3-4 | F25: Mean 5-6 | G25: DE 5-6 | H25: Mean 7-8 | I25: DE 7-8 | J25: Mean 9 | K25: DE 9 | L25: Mean 10 | M25: DE 10
A26: A | B26: =AVERAGE(B15:C15) -> 0.0035 | C26: =STDEV(B15:C15) -> 0.00070710678 | D26: =AVERAGE(D15:E15) -> 6.9388939e-18 | E26: =STDEV(D15:E15) -> 0.0098994949 | F26: =AVERAGE(F15:G15) -> 0.003 | G26: =STDEV(F15:G15) -> 0.0042426407 | H26: =AVERAGE(H15:I15) -> 0.002 | I26: =STDEV(H15:I15) -> 0.0014142136 | J26: =AVERAGE(J15:J16) -> -0.0005 | K26: =STDEV(J15:J16) -> 0.00070710678 | L26: =AVERAGE(K15:K16) -> -0.001 | M26: =STDEV(K15:K16) -> 0.0042426407
A27: B | B27: =AVERAGE(B16:C16) -> 0.0015 | C27: =STDEV(B16:C16) -> 0.00070710678 | D27: =AVERAGE(D16:E16) -> 0.004 | E27: =STDEV(D16:E16) -> 0.0014142136 | F27: =AVERAGE(F16:G16) -> 0.005 | G27: =STDEV(F16:G16) -> 0.0014142136 | H27: =AVERAGE(H16:I16) -> 0.0045 | I27: =STDEV(H16:I16) -> 0.0021213203
A28: C | B28: =AVERAGE(B17:C17) -> 0.005 | C28: =STDEV(B17:C17) -> 0.0042426407 | D28: =AVERAGE(D17:E17) -> 0.0015 | E28: =STDEV(D17:E17) -> 0.0035355339 | F28: =AVERAGE(F17:G17) -> -0.0015 | G28: =STDEV(F17:G17) -> 0.0077781746 | H28: =AVERAGE(H17:I17) -> -0.001 | I28: =STDEV(H17:I17) -> 0.0084852814
A29: D | B29: =AVERAGE(B18:C18) -> 0.0075 | C29: =STDEV(B18:C18) -> 0.0021213203 | D29: =AVERAGE(D18:E18) -> 0.0005 | E29: =STDEV(D18:E18) -> 0.00070710678 | F29: =AVERAGE(F18:G18) -> 0.009 | G29: =STDEV(F18:G18) -> 0.0056568542 | H29: =AVERAGE(H18:I18) -> 0.003 | I29: =STDEV(H18:I18) -> 0.0028284271
A30: E | B30: =AVERAGE(B19:C19) -> 0.0005 | C30: =STDEV(B19:C19) -> 0.00070710678 | D30: =AVERAGE(D19:E19) -> 0.0045 | E30: =STDEV(D19:E19) -> 0.0021213203 | F30: =AVERAGE(F19:G19) -> 0.011 | G30: =STDEV(F19:G19) -> 0.0014142136 | H30: =AVERAGE(H19:I19) -> 0.003 | I30: =STDEV(H19:I19) -> 0.012727922 | J30: =AVERAGE(J19:J20) -> -0.001 | K30: =STDEV(J19:J20) -> 0.0014142136 | L30: =AVERAGE(K19:K20) -> 0.0005 | M30: =STDEV(K19:K20) -> 0.00070710678
A31: F | B31: =AVERAGE(B20:C20) -> 0.004 | C31: =STDEV(B20:C20) -> 0.0014142136 | D31: =AVERAGE(D20:E20) -> 0 | E31: =STDEV(D20:E20) -> 0.0042426407 | F31: =AVERAGE(F20:G20) -> 0.0045 | G31: =STDEV(F20:G20) -> 0.0021213203 | H31: =AVERAGE(H20:I20) -> 0.001 | I31: =STDEV(H20:I20) -> 0.0056568542
A32: G | B32: =AVERAGE(B21:C21) -> 0.005 | C32: =STDEV(B21:C21) -> 0.0028284271 | D32: =AVERAGE(D21:E21) -> 0.004 | E32: =STDEV(D21:E21) -> 0.0014142136 | F32: =AVERAGE(F21:G21) -> 0.0065 | G32: =STDEV(F21:G21) -> 0.0021213203 | H32: =AVERAGE(H21:I21) -> 0.0005 | I32: =STDEV(H21:I21) -> 0.00070710678
A33: H | B33: =AVERAGE(B22:C22) -> 0.004 | C33: =STDEV(B22:C22) -> 0.022627417 | D33: =AVERAGE(D22:E22) -> 0.0005 | E33: =STDEV(D22:E22) -> 0.0021213203 | F33: =AVERAGE(F22:G22) -> 0.0155 | G33: =STDEV(F22:G22) -> 0.013435029 | H33: =AVERAGE(H22:I22) -> 0.002 | I33: =STDEV(H22:I22) -> 0

Sheet +198 seg
A1: 0 | B1: 1 | C1: 2 | D1: 3 | E1: 4 | F1: 5 | G1: 6 | H1: 7 | I1: 8 | J1: 9 | K1: 10 | L1: 11 | M1: 12
A2: * | B2: 1 | C2: 2 | D2: 3 | E2: 4 | F2: 5 | G2: 6 | H2: 7 | I2: 8 | J2: 9 | K2: 10 | L2: 11 | M2: 12
A3: A | B3: 0.1 | C3: 0.09 | D3: 0.08 | E3: 0.096 | F3: 0.148 | G3: 0.122 | H3: 0.084 | I3: 0.064 | J3: 0.051 | K3: 0.048 | L3: 0.12 | M3: 0.092
A4: B | B4: 0.129 | C4: 0.143 | D4: 0.08 | E4: 0.089 | F4: 0.151 | G4: 0.132 | H4: 0.097 | I4: 0.095 | J4: 0.061 | K4: 0.054 | L4: 0.093 | M4: 0.111
A5: C | B5: 0.143 | C5: 0.151 | D5: 0.084 | E5: 0.079 | F5: 0.105 | G5: 0.11 | H5: 0.08 | I5: 0.062 | J5: 0.094 | K5: 0.118 | L5: 0.114 | M5: 0.107
A6: D | B6: 0.177 | C6: 0.19 | D6: 0.083 | E6: 0.091 | F6: 0.122 | G6: 0.213 | H6: 0.072 | I6: 0.11 | J6: 0.084 | K6: 0.084 | L6: 0.101 | M6: 0.098
A7: E | B7: 0.135 | C7: 0.154 | D7: 0.083 | E7: 0.094 | F7: 0.124 | G7: 0.115 | H7: 0.107 | I7: 0.078 | J7: 0.069 | K7: 0.07 | L7: 0.644 | M7: 0.096
A8: F | B8: 0.121 | C8: 0.095 | D8: 0.076 | E8: 0.078 | F8: 0.104 | G8: 0.082 | H8: 0.08 | I8: 0.056 | J8: 0.05 | K8: 0.062 | L8: 0.371 | M8: 0.097
A9: G | B9: 0.154 | C9: 0.17 | D9: 0.105 | E9: 0.108 | F9: 0.121 | G9: 0.107 | H9: 0.071 | I9: 0.075 | J9: 0.116 | K9: 0.115 | L9: 0.104 | M9: 0.133
A10: H | B10: 0.214 | C10: 0.226 | D10: 0.103 | E10: 0.115 | F10: 0.252 | G10: 0.164 | H10: 0.1 | I10: 0.093 | J10: 0.096 | K10: 0.125 | L10: 0.125 | M10: 0.093
A14: * | B14: 1 | C14: 2 | D14: 3 | E14: 4 | F14: 5 | G14: 6 | H14: 7 | I14: 8 | J14: 9 | K14: 10 | L14: 11 | M14: 12
A15: A | B15: =B3 - '+0 seg'!$B$3 -> 0.002 | C15: =C3 - '+0 seg'!$C$3 -> 0.005 | D15: =D3 - '+0 seg'!$D$3 -> 0.007 | E15: =E3 - '+0 seg'!$E$3 -> 0.009 | F15: =F3 - '+0 seg'!$F$3 -> 0.001 | G15: =G3 - '+0 seg'!$G$3 -> 0.007 | H15: =H3 - '+0 seg'!$H$3 -> 0.001 | I15: =I3 - '+0 seg'!$I$3 -> 0.003 | J15: =J3 - '+0 seg'!$J$3 -> 0 | K15: =K3 - '+0 seg'!$K$3 -> -0.004 | L15: =L3 - '+0 seg'!$L$3 -> 0 | M15: =M3 - '+0 seg'!$M$3 -> 0
A16: B | B16: =B4 - '+0 seg'!$B$4 -> 0.001 | C16: =C4 - '+0 seg'!$C$4 -> 0.003 | D16: =D4 - '+0 seg'!$D$4 -> 0.004 | E16: =E4 - '+0 seg'!$E$4 -> 0.005 | F16: =F4 - '+0 seg'!$F$4 -> 0.005 | G16: =G4 - '+0 seg'!$G$4 -> 0.005 | H16: =H4 - '+0 seg'!$H$4 -> 0.006 | I16: =I4 - '+0 seg'!$I$4 -> 0.003 | J16: =J4 - '+0 seg'!$J$4 -> -0.001 | K16: =K4 - '+0 seg'!$K$4 -> 0.002 | L16: =L4 - '+0 seg'!$L$4 -> -0.001 | M16: =M4 - '+0 seg'!$M$4 -> 0
A17: C | B17: =B5 - '+0 seg'!$B$5 -> 0.002 | C17: =C5 - '+0 seg'!$C$5 -> 0.009 | D17: =D5 - '+0 seg'!$D$5 -> 0.004 | E17: =E5 - '+0 seg'!$E$5 -> -0.001 | F17: =F5 - '+0 seg'!$F$5 -> 0.004 | G17: =G5 - '+0 seg'!$G$5 -> -0.006 | H17: =H5 - '+0 seg'!$H$5 -> 0.005 | I17: =I5 - '+0 seg'!$I$5 -> -0.007 | J17: =J5 - '+0 seg'!$J$5 -> 0 | K17: =K5 - '+0 seg'!$K$5 -> 0 | L17: =L5 - '+0 seg'!$L$5 -> 0 | M17: =M5 - '+0 seg'!$M$5 -> 0
A18: D | B18: =B6 - '+0 seg'!$B$6 -> 0.006 | C18: =C6 - '+0 seg'!$C$6 -> 0.006 | D18: =D6 - '+0 seg'!$D$6 -> 0.001 | E18: =E6 - '+0 seg'!$E$6 -> 0 | F18: =F6 - '+0 seg'!$F$6 -> 0.005 | G18: =G6 - '+0 seg'!$G$6 -> 0.014 | H18: =H6 - '+0 seg'!$H$6 -> 0.004 | I18: =I6 - '+0 seg'!$I$6 -> 0.001 | J18: =J6 - '+0 seg'!$J$6 -> 0.001 | K18: =K6 - '+0 seg'!$K$6 -> 0 | L18: =L6 - '+0 seg'!$L$6 -> 0 | M18: =M6 - '+0 seg'!$M$6 -> 0.001
A19: E | B19: =B7 - '+0 seg'!$B$7 -> 0.001 | C19: =C7 - '+0 seg'!$C$7 -> 0.003 | D19: =D7 - '+0 seg'!$D$7 -> 0.003 | E19: =E7 - '+0 seg'!$E$7 -> 0.006 | F19: =F7 - '+0 seg'!$F$7 -> 0.012 | G19: =G7 - '+0 seg'!$G$7 -> 0.012 | H19: =H7 - '+0 seg'!$H$7 -> 0.013 | I19: =I7 - '+0 seg'!$I$7 -> -0.006 | J19: =J7 - '+0 seg'!$J$7 -> 0 | K19: =K7 - '+0 seg'!$K$7 -> 0.001 | L19: =L7 - '+0 seg'!$L$7 -> 0.001 | M19: =M7 - '+0 seg'!$M$7 -> -0.001
A20: F | B20: =B8 - '+0 seg'!$B$8 -> 0.005 | C20: =C8 - '+0 seg'!$C$8 -> 0.004 | D20: =D8 - '+0 seg'!$D$8 -> -0.003 | E20: =E8 - '+0 seg'!$E$8 -> 0.003 | F20: =F8 - '+0 seg'!$F$8 -> 0.008 | G20: =G8 - '+0 seg'!$G$8 -> 0.003 | H20: =H8 - '+0 seg'!$H$8 -> 0.004 | I20: =I8 - '+0 seg'!$I$8 -> -0.003 | J20: =J8 - '+0 seg'!$J$8 -> -0.001 | K20: =K8 - '+0 seg'!$K$8 -> 0 | L20: =L8 - '+0 seg'!$L$8 -> 0.002 | M20: =M8 - '+0 seg'!$M$8 -> 0
A21: G | B21: =B9 - '+0 seg'!$B$9 -> 0.003 | C21: =C9 - '+0 seg'!$C$9 -> 0.008 | D21: =D9 - '+0 seg'!$D$9 -> 0.005 | E21: =E9 - '+0 seg'!$E$9 -> 0.003 | F21: =F9 - '+0 seg'!$F$9 -> 0.005 | G21: =G9 - '+0 seg'!$G$9 -> 0.009 | H21: =H9 - '+0 seg'!$H$9 -> 0.001 | I21: =I9 - '+0 seg'!$I$9 -> 0.001 | J21: =J9 - '+0 seg'!$J$9 -> 0 | K21: =K9 - '+0 seg'!$K$9 -> 0.001 | L21: =L9 - '+0 seg'!$L$9 -> 0 | M21: =M9 - '+0 seg'!$M$9 -> 0
A22: H | B22: =B10 - '+0 seg'!$B$10 -> -0.005 | C22: =C10 - '+0 seg'!$C$10 -> 0.021 | D22: =D10 - '+0 seg'!$D$10 -> -0.002 | E22: =E10 - '+0 seg'!$E$10 -> 0.003 | F22: =F10 - '+0 seg'!$F$10 -> 0.026 | G22: =G10 - '+0 seg'!$G$10 -> 0.005 | H22: =H10 - '+0 seg'!$H$10 -> 0.003 | I22: =I10 - '+0 seg'!$I$10 -> 0.001 | J22: =J10 - '+0 seg'!$J$10 -> 0 | K22: =K10 - '+0 seg'!$K$10 -> 0 | L22: =L10 - '+0 seg'!$L$10 -> 0 | M22: =M10 - '+0 seg'!$M$10 -> -0.003
A25: * | B25: Mean 1-2 | C25: DE 1-2 | D25: Mean 3-4 | E25: DE 3-4 | F25: Mean 5-6 | G25: DE 5-6 | H25: Mean 7-8 | I25: DE 7-8 | J25: Mean 9 | K25: DE 9 | L25: Mean 10 | M25: DE 10
A26: A | B26: =AVERAGE(B15:C15) -> 0.0035 | C26: =STDEV(B15:C15) -> 0.0021213203 | D26: =AVERAGE(D15:E15) -> 0.008 | E26: =STDEV(D15:E15) -> 0.0014142136 | F26: =AVERAGE(F15:G15) -> 0.004 | G26: =STDEV(F15:G15) -> 0.0042426407 | H26: =AVERAGE(H15:I15) -> 0.002 | I26: =STDEV(H15:I15) -> 0.0014142136 | J26: =AVERAGE(J15:J16) -> -0.0005 | K26: =STDEV(J15:J16) -> 0.00070710678 | L26: =AVERAGE(K15:K16) -> -0.001 | M26: =STDEV(K15:K16) -> 0.0042426407
A27: B | B27: =AVERAGE(B16:C16) -> 0.002 | C27: =STDEV(B16:C16) -> 0.0014142136 | D27: =AVERAGE(D16:E16) -> 0.0045 | E27: =STDEV(D16:E16) -> 0.00070710678 | F27: =AVERAGE(F16:G16) -> 0.005 | G27: =STDEV(F16:G16) -> 0 | H27: =AVERAGE(H16:I16) -> 0.0045 | I27: =STDEV(H16:I16) -> 0.0021213203
A28: C | B28: =AVERAGE(B17:C17) -> 0.0055 | C28: =STDEV(B17:C17) -> 0.0049497475 | D28: =AVERAGE(D17:E17) -> 0.0015 | E28: =STDEV(D17:E17) -> 0.0035355339 | F28: =AVERAGE(F17:G17) -> -0.001 | G28: =STDEV(F17:G17) -> 0.0070710678 | H28: =AVERAGE(H17:I17) -> -0.001 | I28: =STDEV(H17:I17) -> 0.0084852814
A29: D | B29: =AVERAGE(B18:C18) -> 0.006 | C29: =STDEV(B18:C18) -> 1.9626156e-17 | D29: =AVERAGE(D18:E18) -> 0.0005 | E29: =STDEV(D18:E18) -> 0.00070710678 | F29: =AVERAGE(F18:G18) -> 0.0095 | G29: =STDEV(F18:G18) -> 0.006363961 | H29: =AVERAGE(H18:I18) -> 0.0025 | I29: =STDEV(H18:I18) -> 0.0021213203
A30: E | B30: =AVERAGE(B19:C19) -> 0.002 | C30: =STDEV(B19:C19) -> 0.0014142136 | D30: =AVERAGE(D19:E19) -> 0.0045 | E30: =STDEV(D19:E19) -> 0.0021213203 | F30: =AVERAGE(F19:G19) -> 0.012 | G30: =STDEV(F19:G19) -> 9.8130779e-18 | H30: =AVERAGE(H19:I19) -> 0.0035 | I30: =STDEV(H19:I19) -> 0.013435029 | J30: =AVERAGE(J19:J20) -> -0.0005 | K30: =STDEV(J19:J20) -> 0.00070710678 | L30: =AVERAGE(K19:K20) -> 0.0005 | M30: =STDEV(K19:K20) -> 0.00070710678
A31: F | B31: =AVERAGE(B20:C20) -> 0.0045 | C31: =STDEV(B20:C20) -> 0.00070710678 | D31: =AVERAGE(D20:E20) -> 0 | E31: =STDEV(D20:E20) -> 0.0042426407 | F31: =AVERAGE(F20:G20) -> 0.0055 | G31: =STDEV(F20:G20) -> 0.0035355339 | H31: =AVERAGE(H20:I20) -> 0.0005 | I31: =STDEV(H20:I20) -> 0.0049497475
A32: G | B32: =AVERAGE(B21:C21) -> 0.0055 | C32: =STDEV(B21:C21) -> 0.0035355339 | D32: =AVERAGE(D21:E21) -> 0.004 | E32: =STDEV(D21:E21) -> 0.0014142136 | F32: =AVERAGE(F21:G21) -> 0.007 | G32: =STDEV(F21:G21) -> 0.0028284271 | H32: =AVERAGE(H21:I21) -> 0.001 | I32: =STDEV(H21:I21) -> 9.8130779e-18
A33: H | B33: =AVERAGE(B22:C22) -> 0.008 | C33: =STDEV(B22:C22) -> 0.018384776 | D33: =AVERAGE(D22:E22) -> 0.0005 | E33: =STDEV(D22:E22) -> 0.0035355339 | F33: =AVERAGE(F22:G22) -> 0.0155 | G33: =STDEV(F22:G22) -> 0.014849242 | H33: =AVERAGE(H22:I22) -> 0.002 | I33: =STDEV(H22:I22) -> 0.0014142136

Sheet +219 seg
A1: 0 | B1: 1 | C1: 2 | D1: 3 | E1: 4 | F1: 5 | G1: 6 | H1: 7 | I1: 8 | J1: 9 | K1: 10 | L1: 11 | M1: 12
A2: * | B2: 1 | C2: 2 | D2: 3 | E2: 4 | F2: 5 | G2: 6 | H2: 7 | I2: 8 | J2: 9 | K2: 10 | L2: 11 | M2: 12
A3: A | B3: 0.101 | C3: 0.09 | D3: 0.081 | E3: 0.091 | F3: 0.149 | G3: 0.123 | H3: 0.085 | I3: 0.063 | J3: 0.051 | K3: 0.048 | L3: 0.12 | M3: 0.093
A4: B | B4: 0.13 | C4: 0.143 | D4: 0.08 | E4: 0.088 | F4: 0.151 | G4: 0.132 | H4: 0.098 | I4: 0.095 | J4: 0.061 | K4: 0.054 | L4: 0.093 | M4: 0.111
A5: C | B5: 0.143 | C5: 0.151 | D5: 0.084 | E5: 0.079 | F5: 0.106 | G5: 0.11 | H5: 0.081 | I5: 0.063 | J5: 0.094 | K5: 0.118 | L5: 0.114 | M5: 0.107
A6: D | B6: 0.178 | C6: 0.191 | D6: 0.083 | E6: 0.091 | F6: 0.123 | G6: 0.214 | H6: 0.071 | I6: 0.11 | J6: 0.084 | K6: 0.084 | L6: 0.101 | M6: 0.098
A7: E | B7: 0.135 | C7: 0.151 | D7: 0.083 | E7: 0.094 | F7: 0.123 | G7: 0.116 | H7: 0.107 | I7: 0.079 | J7: 0.068 | K7: 0.07 | L7: 0.625 | M7: 0.096
A8: F | B8: 0.121 | C8: 0.094 | D8: 0.076 | E8: 0.079 | F8: 0.103 | G8: 0.082 | H8: 0.08 | I8: 0.057 | J8: 0.049 | K8: 0.062 | L8: 0.365 | M8: 0.097
A9: G | B9: 0.155 | C9: 0.17 | D9: 0.105 | E9: 0.108 | F9: 0.121 | G9: 0.107 | H9: 0.071 | I9: 0.076 | J9: 0.116 | K9: 0.115 | L9: 0.104 | M9: 0.133
A10: H | B10: 0.212 | C10: 0.225 | D10: 0.103 | E10: 0.114 | F10: 0.254 | G10: 0.163 | H10: 0.1 | I10: 0.095 | J10: 0.096 | K10: 0.125 | L10: 0.125 | M10: 0.093
A14: * | B14: 1 | C14: 2 | D14: 3 | E14: 4 | F14: 5 | G14: 6 | H14: 7 | I14: 8 | J14: 9 | K14: 10 | L14: 11 | M14: 12
A15: A | B15: =B3 - '+0 seg'!$B$3 -> 0.003 | C15: =C3 - '+0 seg'!$C$3 -> 0.005 | D15: =D3 - '+0 seg'!$D$3 -> 0.008 | E15: =E3 - '+0 seg'!$E$3 -> 0.004 | F15: =F3 - '+0 seg'!$F$3 -> 0.002 | G15: =G3 - '+0 seg'!$G$3 -> 0.008 | H15: =H3 - '+0 seg'!$H$3 -> 0.002 | I15: =I3 - '+0 seg'!$I$3 -> 0.002 | J15: =J3 - '+0 seg'!$J$3 -> 0 | K15: =K3 - '+0 seg'!$K$3 -> -0.004 | L15: =L3 - '+0 seg'!$L$3 -> 0 | M15: =M3 - '+0 seg'!$M$3 -> 0.001
A16: B | B16: =B4 - '+0 seg'!$B$4 -> 0.002 | C16: =C4 - '+0 seg'!$C$4 -> 0.003 | D16: =D4 - '+0 seg'!$D$4 -> 0.004 | E16: =E4 - '+0 seg'!$E$4 -> 0.004 | F16: =F4 - '+0 seg'!$F$4 -> 0.005 | G16: =G4 - '+0 seg'!$G$4 -> 0.005 | H16: =H4 - '+0 seg'!$H$4 -> 0.007 | I16: =I4 - '+0 seg'!$I$4 -> 0.003 | J16: =J4 - '+0 seg'!$J$4 -> -0.001 | K16: =K4 - '+0 seg'!$K$4 -> 0.002 | L16: =L4 - '+0 seg'!$L$4 -> -0.001 | M16: =M4 - '+0 seg'!$M$4 -> 0
A17: C | B17: =B5 - '+0 seg'!$B$5 -> 0.002 | C17: =C5 - '+0 seg'!$C$5 -> 0.009 | D17: =D5 - '+0 seg'!$D$5 -> 0.004 | E17: =E5 - '+0 seg'!$E$5 -> -0.001 | F17: =F5 - '+0 seg'!$F$5 -> 0.005 | G17: =G5 - '+0 seg'!$G$5 -> -0.006 | H17: =H5 - '+0 seg'!$H$5 -> 0.006 | I17: =I5 - '+0 seg'!$I$5 -> -0.006 | J17: =J5 - '+0 seg'!$J$5 -> 0 | K17: =K5 - '+0 seg'!$K$5 -> 0 | L17: =L5 - '+0 seg'!$L$5 -> 0 | M17: =M5 - '+0 seg'!$M$5 -> 0
A18: D | B18: =B6 - '+0 seg'!$B$6 -> 0.007 | C18: =C6 - '+0 seg'!$C$6 -> 0.007 | D18: =D6 - '+0 seg'!$D$6 -> 0.001 | E18: =E6 - '+0 seg'!$E$6 -> 0 | F18: =F6 - '+0 seg'!$F$6 -> 0.006 | G18: =G6 - '+0 seg'!$G$6 -> 0.015 | H18: =H6 - '+0 seg'!$H$6 -> 0.003 | I18: =I6 - '+0 seg'!$I$6 -> 0.001 | J18: =J6 - '+0 seg'!$J$6 -> 0.001 | K18: =K6 - '+0 seg'!$K$6 -> 0 | L18: =L6 - '+0 seg'!$L$6 -> 0 | M18: =M6 - '+0 seg'!$M$6 -> 0.001
A19: E | B19: =B7 - '+0 seg'!$B$7 -> 0.001 | C19: =C7 - '+0 seg'!$C$7 -> 0 | D19: =D7 - '+0 seg'!$D$7 -> 0.003 | E19: =E7 - '+0 seg'!$E$7 -> 0.006 | F19: =F7 - '+0 seg'!$F$7 -> 0.011 | G19: =G7 - '+0 seg'!$G$7 -> 0.013 | H19: =H7 - '+0 seg'!$H$7 -> 0.013 | I19: =I7 - '+0 seg'!$I$7 -> -0.005 | J19: =J7 - '+0 seg'!$J$7 -> -0.001 | K19: =K7 - '+0 seg'!$K$7 -> 0.001 | L19: =L7 - '+0 seg'!$L$7 -> -0.018 | M19: =M7 - '+0 seg'!$M$7 -> -0.001
A20: F | B20: =B8 - '+0 seg'!$B$8 -> 0.005 | C20: =C8 - '+0 seg'!$C$8 -> 0.003 | D20: =D8 - '+0 seg'!$D$8 -> -0.003 | E20: =E8 - '+0 seg'!$E$8 -> 0.004 | F20: =F8 - '+0 seg'!$F$8 -> 0.007 | G20: =G8 - '+0 seg'!$G$8 -> 0.003 | H20: =H8 - '+0 seg'!$H$8 -> 0.004 | I20: =I8 - '+0 seg'!$I$8 -> -0.002 | J20: =J8 - '+0 seg'!$J$8 -> -0.002 | K20: =K8 - '+0 seg'!$K$8 -> 0 | L20: =L8 - '+0 seg'!$L$8 -> -0.004 | M20: =M8 - '+0 seg'!$M$8 -> 0
A21: G | B21: =B9 - '+0 seg'!$B$9 -> 0.004 | C21: =C9 - '+0 seg'!$C$9 -> 0.008 | D21: =D9 - '+0 seg'!$D$9 -> 0.005 | E21: =E9 - '+0 seg'!$E$9 -> 0.003 | F21: =F9 - '+0 seg'!$F$9 -> 0.005 | G21: =G9 - '+0 seg'!$G$9 -> 0.009 | H21: =H9 - '+0 seg'!$H$9 -> 0.001 | I21: =I9 - '+0 seg'!$I$9 -> 0.002 | J21: =J9 - '+0 seg'!$J$9 -> 0 | K21: =K9 - '+0 seg'!$K$9 -> 0.001 | L21: =L9 - '+0 seg'!$L$9 -> 0 | M21: =M9 - '+0 seg'!$M$9 -> 0
A22: H | B22: =B10 - '+0 seg'!$B$10 -> -0.007 | C22: =C10 - '+0 seg'!$C$10 -> 0.02 | D22: =D10 - '+0 seg'!$D$10 -> -0.002 | E22: =E10 - '+0 seg'!$E$10 -> 0.002 | F22: =F10 - '+0 seg'!$F$10 -> 0.028 | G22: =G10 - '+0 seg'!$G$10 -> 0.004 | H22: =H10 - '+0 seg'!$H$10 -> 0.003 | I22: =I10 - '+0 seg'!$I$10 -> 0.003 | J22: =J10 - '+0 seg'!$J$10 -> 0 | K22: =K10 - '+0 seg'!$K$10 -> 0 | L22: =L10 - '+0 seg'!$L$10 -> 0 | M22: =M10 - '+0 seg'!$M$10 -> -0.003
A25: * | B25: Mean 1-2 | C25: DE 1-2 | D25: Mean 3-4 | E25: DE 3-4 | F25: Mean 5-6 | G25: DE 5-6 | H25: Mean 7-8 | I25: DE 7-8 | J25: Mean 9 | K25: DE 9 | L25: Mean 10 | M25: DE 10
A26: A | B26: =AVERAGE(B15:C15) -> 0.004 | C26: =STDEV(B15:C15) -> 0.0014142136 | D26: =AVERAGE(D15:E15) -> 0.006 | E26: =STDEV(D15:E15) -> 0.0028284271 | F26: =AVERAGE(F15:G15) -> 0.005 | G26: =STDEV(F15:G15) -> 0.0042426407 | H26: =AVERAGE(H15:I15) -> 0.002 | I26: =STDEV(H15:I15) -> 0 | J26: =AVERAGE(J15:J16) -> -0.0005 | K26: =STDEV(J15:J16) -> 0.00070710678 | L26: =AVERAGE(K15:K16) -> -0.001 | M26: =STDEV(K15:K16) -> 0.0042426407
A27: B | B27: =AVERAGE(B16:C16) -> 0.0025 | C27: =STDEV(B16:C16) -> 0.00070710678 | D27: =AVERAGE(D16:E16) -> 0.004 | E27: =STDEV(D16:E16) -> 9.8130779e-18 | F27: =AVERAGE(F16:G16) -> 0.005 | G27: =STDEV(F16:G16) -> 0 | H27: =AVERAGE(H16:I16) -> 0.005 | I27: =STDEV(H16:I16) -> 0.0028284271
A28: C | B28: =AVERAGE(B17:C17) -> 0.0055 | C28: =STDEV(B17:C17) -> 0.0049497475 | D28: =AVERAGE(D17:E17) -> 0.0015 | E28: =STDEV(D17:E17) -> 0.0035355339 | F28: =AVERAGE(F17:G17) -> -0.0005 | G28: =STDEV(F17:G17) -> 0.0077781746 | H28: =AVERAGE(H17:I17) -> 0 | I28: =STDEV(H17:I17) -> 0.0084852814
A29: D | B29: =AVERAGE(B18:C18) -> 0.007 | C29: =STDEV(B18:C18) -> 1.9626156e-17 | D29: =AVERAGE(D18:E18) -> 0.0005 | E29: =STDEV(D18:E18) -> 0.00070710678 | F29: =AVERAGE(F18:G18) -> 0.0105 | G29: =STDEV(F18:G18) -> 0.006363961 | H29: =AVERAGE(H18:I18) -> 0.002 | I29: =STDEV(H18:I18) -> 0.0014142136
A30: E | B30: =AVERAGE(B19:C19) -> 0.0005 | C30: =STDEV(B19:C19) -> 0.00070710678 | D30: =AVERAGE(D19:E19) -> 0.0045 | E30: =STDEV(D19:E19) -> 0.0021213203 | F30: =AVERAGE(F19:G19) -> 0.012 | G30: =STDEV(F19:G19) -> 0.0014142136 | H30: =AVERAGE(H19:I19) -> 0.004 | I30: =STDEV(H19:I19) -> 0.012727922 | J30: =AVERAGE(J19:J20) -> -0.0015 | K30: =STDEV(J19:J20) -> 0.00070710678 | L30: =AVERAGE(K19:K20) -> 0.0005 | M30: =STDEV(K19:K20) -> 0.00070710678
A31: F | B31: =AVERAGE(B20:C20) -> 0.004 | C31: =STDEV(B20:C20) -> 0.0014142136 | D31: =AVERAGE(D20:E20) -> 0.0005 | E31: =STDEV(D20:E20) -> 0.0049497475 | F31: =AVERAGE(F20:G20) -> 0.005 | G31: =STDEV(F20:G20) -> 0.0028284271 | H31: =AVERAGE(H20:I20) -> 0.001 | I31: =STDEV(H20:I20) -> 0.0042426407
A32: G | B32: =AVERAGE(B21:C21) -> 0.006 | C32: =STDEV(B21:C21) -> 0.0028284271 | D32: =AVERAGE(D21:E21) -> 0.004 | E32: =STDEV(D21:E21) -> 0.0014142136 | F32: =AVERAGE(F21:G21) -> 0.007 | G32: =STDEV(F21:G21) -> 0.0028284271 | H32: =AVERAGE(H21:I21) -> 0.0015 | I32: =STDEV(H21:I21) -> 0.00070710678
A33: H | B33: =AVERAGE(B22:C22) -> 0.0065 | C33: =STDEV(B22:C22) -> 0.019091883 | D33: =AVERAGE(D22:E22) -> 0 | E33: =STDEV(D22:E22) -> 0.0028284271 | F33: =AVERAGE(F22:G22) -> 0.016 | G33: =STDEV(F22:G22) -> 0.016970563 | H33: =AVERAGE(H22:I22) -> 0.003 | I33: =STDEV(H22:I22) -> 0

Sheet +238 seg
A1: 0 | B1: 1 | C1: 2 | D1: 3 | E1: 4 | F1: 5 | G1: 6 | H1: 7 | I1: 8 | J1: 9 | K1: 10 | L1: 11 | M1: 12
A2: * | B2: 1 | C2: 2 | D2: 3 | E2: 4 | F2: 5 | G2: 6 | H2: 7 | I2: 8 | J2: 9 | K2: 10 | L2: 11 | M2: 12
A3: A | B3: 0.102 | C3: 0.09 | D3: 0.081 | E3: 0.091 | F3: 0.15 | G3: 0.124 | H3: 0.085 | I3: 0.064 | J3: 0.052 | K3: 0.048 | L3: 0.12 | M3: 0.093
A4: B | B4: 0.131 | C4: 0.144 | D4: 0.079 | E4: 0.087 | F4: 0.15 | G4: 0.132 | H4: 0.097 | I4: 0.095 | J4: 0.061 | K4: 0.055 | L4: 0.093 | M4: 0.111
A5: C | B5: 0.143 | C5: 0.151 | D5: 0.085 | E5: 0.079 | F5: 0.106 | G5: 0.11 | H5: 0.08 | I5: 0.062 | J5: 0.094 | K5: 0.118 | L5: 0.114 | M5: 0.107
A6: D | B6: 0.178 | C6: 0.195 | D6: 0.083 | E6: 0.091 | F6: 0.123 | G6: 0.215 | H6: 0.07 | I6: 0.111 | J6: 0.084 | K6: 0.084 | L6: 0.101 | M6: 0.098
A7: E | B7: 0.135 | C7: 0.151 | D7: 0.082 | E7: 0.095 | F7: 0.125 | G7: 0.117 | H7: 0.107 | I7: 0.077 | J7: 0.069 | K7: 0.07 | L7: 0.63 | M7: 0.096
A8: F | B8: 0.122 | C8: 0.094 | D8: 0.075 | E8: 0.079 | F8: 0.105 | G8: 0.083 | H8: 0.08 | I8: 0.056 | J8: 0.049 | K8: 0.062 | L8: 0.36 | M8: 0.097
A9: G | B9: 0.155 | C9: 0.17 | D9: 0.106 | E9: 0.108 | F9: 0.12 | G9: 0.108 | H9: 0.07 | I9: 0.075 | J9: 0.116 | K9: 0.115 | L9: 0.104 | M9: 0.133
A10: H | B10: 0.213 | C10: 0.226 | D10: 0.103 | E10: 0.116 | F10: 0.256 | G10: 0.163 | H10: 0.1 | I10: 0.094 | J10: 0.096 | K10: 0.125 | L10: 0.125 | M10: 0.094
A14: * | B14: 1 | C14: 2 | D14: 3 | E14: 4 | F14: 5 | G14: 6 | H14: 7 | I14: 8 | J14: 9 | K14: 10 | L14: 11 | M14: 12
A15: A | B15: =B3 - '+0 seg'!$B$3 -> 0.004 | C15: =C3 - '+0 seg'!$C$3 -> 0.005 | D15: =D3 - '+0 seg'!$D$3 -> 0.008 | E15: =E3 - '+0 seg'!$E$3 -> 0.004 | F15: =F3 - '+0 seg'!$F$3 -> 0.003 | G15: =G3 - '+0 seg'!$G$3 -> 0.009 | H15: =H3 - '+0 seg'!$H$3 -> 0.002 | I15: =I3 - '+0 seg'!$I$3 -> 0.003 | J15: =J3 - '+0 seg'!$J$3 -> 0.001 | K15: =K3 - '+0 seg'!$K$3 -> -0.004 | L15: =L3 - '+0 seg'!$L$3 -> 0 | M15: =M3 - '+0 seg'!$M$3 -> 0.001
A16: B | B16: =B4 - '+0 seg'!$B$4 -> 0.003 | C16: =C4 - '+0 seg'!$C$4 -> 0.004 | D16: =D4 - '+0 seg'!$D$4 -> 0.003 | E16: =E4 - '+0 seg'!$E$4 -> 0.003 | F16: =F4 - '+0 seg'!$F$4 -> 0.004 | G16: =G4 - '+0 seg'!$G$4 -> 0.005 | H16: =H4 - '+0 seg'!$H$4 -> 0.006 | I16: =I4 - '+0 seg'!$I$4 -> 0.003 | J16: =J4 - '+0 seg'!$J$4 -> -0.001 | K16: =K4 - '+0 seg'!$K$4 -> 0.003 | L16: =L4 - '+0 seg'!$L$4 -> -0.001 | M16: =M4 - '+0 seg'!$M$4 -> 0
A17: C | B17: =B5 - '+0 seg'!$B$5 -> 0.002 | C17: =C5 - '+0 seg'!$C$5 -> 0.009 | D17: =D5 - '+0 seg'!$D$5 -> 0.005 | E17: =E5 - '+0 seg'!$E$5 -> -0.001 | F17: =F5 - '+0 seg'!$F$5 -> 0.005 | G17: =G5 - '+0 seg'!$G$5 -> -0.006 | H17: =H5 - '+0 seg'!$H$5 -> 0.005 | I17: =I5 - '+0 seg'!$I$5 -> -0.007 | J17: =J5 - '+0 seg'!$J$5 -> 0 | K17: =K5 - '+0 seg'!$K$5 -> 0 | L17: =L5 - '+0 seg'!$L$5 -> 0 | M17: =M5 - '+0 seg'!$M$5 -> 0
A18: D | B18: =B6 - '+0 seg'!$B$6 -> 0.007 | C18: =C6 - '+0 seg'!$C$6 -> 0.011 | D18: =D6 - '+0 seg'!$D$6 -> 0.001 | E18: =E6 - '+0 seg'!$E$6 -> 0 | F18: =F6 - '+0 seg'!$F$6 -> 0.006 | G18: =G6 - '+0 seg'!$G$6 -> 0.016 | H18: =H6 - '+0 seg'!$H$6 -> 0.002 | I18: =I6 - '+0 seg'!$I$6 -> 0.002 | J18: =J6 - '+0 seg'!$J$6 -> 0.001 | K18: =K6 - '+0 seg'!$K$6 -> 0 | L18: =L6 - '+0 seg'!$L$6 -> 0 | M18: =M6 - '+0 seg'!$M$6 -> 0.001
A19: E | B19: =B7 - '+0 seg'!$B$7 -> 0.001 | C19: =C7 - '+0 seg'!$C$7 -> 0 | D19: =D7 - '+0 seg'!$D$7 -> 0.002 | E19: =E7 - '+0 seg'!$E$7 -> 0.007 | F19: =F7 - '+0 seg'!$F$7 -> 0.013 | G19: =G7 - '+0 seg'!$G$7 -> 0.014 | H19: =H7 - '+0 seg'!$H$7 -> 0.013 | I19: =I7 - '+0 seg'!$I$7 -> -0.007 | J19: =J7 - '+0 seg'!$J$7 -> 0 | K19: =K7 - '+0 seg'!$K$7 -> 0.001 | L19: =L7 - '+0 seg'!$L$7 -> -0.013 | M19: =M7 - '+0 seg'!$M$7 -> -0.001
A20: F | B20: =B8 - '+0 seg'!$B$8 -> 0.006 | C20: =C8 - '+0 seg'!$C$8 -> 0.003 | D20: =D8 - '+0 seg'!$D$8 -> -0.004 | E20: =E8 - '+0 seg'!$E$8 -> 0.004 | F20: =F8 - '+0 seg'!$F$8 -> 0.009 | G20: =G8 - '+0 seg'!$G$8 -> 0.004 | H20: =H8 - '+0 seg'!$H$8 -> 0.004 | I20: =I8 - '+0 seg'!$I$8 -> -0.003 | J20: =J8 - '+0 seg'!$J$8 -> -0.002 | K20: =K8 - '+0 seg'!$K$8 -> 0 | L20: =L8 - '+0 seg'!$L$8 -> -0.009 | M20: =M8 - '+0 seg'!$M$8 -> 0
A21: G | B21: =B9 - '+0 seg'!$B$9 -> 0.004 | C21: =C9 - '+0 seg'!$C$9 -> 0.008 | D21: =D9 - '+0 seg'!$D$9 -> 0.006 | E21: =E9 - '+0 seg'!$E$9 -> 0.003 | F21: =F9 - '+0 seg'!$F$9 -> 0.004 | G21: =G9 - '+0 seg'!$G$9 -> 0.01 | H21: =H9 - '+0 seg'!$H$9 -> 0 | I21: =I9 - '+0 seg'!$I$9 -> 0.001 | J21: =J9 - '+0 seg'!$J$9 -> 0 | K21: =K9 - '+0 seg'!$K$9 -> 0.001 | L21: =L9 - '+0 seg'!$L$9 -> 0 | M21: =M9 - '+0 seg'!$M$9 -> 0
A22: H | B22: =B10 - '+0 seg'!$B$10 -> -0.006 | C22: =C10 - '+0 seg'!$C$10 -> 0.021 | D22: =D10 - '+0 seg'!$D$10 -> -0.002 | E22: =E10 - '+0 seg'!$E$10 -> 0.004 | F22: =F10 - '+0 seg'!$F$10 -> 0.03 | G22: =G10 - '+0 seg'!$G$10 -> 0.004 | H22: =H10 - '+0 seg'!$H$10 -> 0.003 | I22: =I10 - '+0 seg'!$I$10 -> 0.002 | J22: =J10 - '+0 seg'!$J$10 -> 0 | K22: =K10 - '+0 seg'!$K$10 -> 0 | L22: =L10 - '+0 seg'!$L$10 -> 0 | M22: =M10 - '+0 seg'!$M$10 -> -0.002
A25: * | B25: Mean 1-2 | C25: DE 1-2 | D25: Mean 3-4 | E25: DE 3-4 | F25: Mean 5-6 | G25: DE 5-6 | H25: Mean 7-8 | I25: DE 7-8 | J25: Mean 9 | K25: DE 9 | L25: Mean 10 | M25: DE 10
A26: A | B26: =AVERAGE(B15:C15) -> 0.0045 | C26: =STDEV(B15:C15) -> 0.00070710678 | D26: =AVERAGE(D15:E15) -> 0.006 | E26: =STDEV(D15:E15) -> 0.0028284271 | F26: =AVERAGE(F15:G15) -> 0.006 | G26: =STDEV(F15:G15) -> 0.0042426407 | H26: =AVERAGE(H15:I15) -> 0.0025 | I26: =STDEV(H15:I15) -> 0.00070710678 | J26: =AVERAGE(J15:J16) -> 0 | K26: =STDEV(J15:J16) -> 0.0014142136 | L26: =AVERAGE(K15:K16) -> -0.0005 | M26: =STDEV(K15:K16) -> 0.0049497475
A27: B | B27: =AVERAGE(B16:C16) -> 0.0035 | C27: =STDEV(B16:C16) -> 0.00070710678 | D27: =AVERAGE(D16:E16) -> 0.003 | E27: =STDEV(D16:E16) -> 9.8130779e-18 | F27: =AVERAGE(F16:G16) -> 0.0045 | G27: =STDEV(F16:G16) -> 0.00070710678 | H27: =AVERAGE(H16:I16) -> 0.0045 | I27: =STDEV(H16:I16) -> 0.0021213203
A28: C | B28: =AVERAGE(B17:C17) -> 0.0055 | C28: =STDEV(B17:C17) -> 0.0049497475 | D28: =AVERAGE(D17:E17) -> 0.002 | E28: =STDEV(D17:E17) -> 0.0042426407 | F28: =AVERAGE(F17:G17) -> -0.0005 | G28: =STDEV(F17:G17) -> 0.0077781746 | H28: =AVERAGE(H17:I17) -> -0.001 | I28: =STDEV(H17:I17) -> 0.0084852814
A29: D | B29: =AVERAGE(B18:C18) -> 0.009 | C29: =STDEV(B18:C18) -> 0.0028284271 | D29: =AVERAGE(D18:E18) -> 0.0005 | E29: =STDEV(D18:E18) -> 0.00070710678 | F29: =AVERAGE(F18:G18) -> 0.011 | G29: =STDEV(F18:G18) -> 0.0070710678 | H29: =AVERAGE(H18:I18) -> 0.002 | I29: =STDEV(H18:I18) -> 0
A30: E | B30: =AVERAGE(B19:C19) -> 0.0005 | C30: =STDEV(B19:C19) -> 0.00070710678 | D30: =AVERAGE(D19:E19) -> 0.0045 | E30: =STDEV(D19:E19) -> 0.0035355339 | F30: =AVERAGE(F19:G19) -> 0.0135 | G30: =STDEV(F19:G19) -> 0.00070710678 | H30: =AVERAGE(H19:I19) -> 0.003 | I30: =STDEV(H19:I19) -> 0.014142136 | J30: =AVERAGE(J19:J20) -> -0.001 | K30: =STDEV(J19:J20) -> 0.0014142136 | L30: =AVERAGE(K19:K20) -> 0.0005 | M30: =STDEV(K19:K20) -> 0.00070710678
A31: F | B31: =AVERAGE(B20:C20) -> 0.0045 | C31: =STDEV(B20:C20) -> 0.0021213203 | D31: =AVERAGE(D20:E20) -> 0 | E31: =STDEV(D20:E20) -> 0.0056568542 | F31: =AVERAGE(F20:G20) -> 0.0065 | G31: =STDEV(F20:G20) -> 0.0035355339 | H31: =AVERAGE(H20:I20) -> 0.0005 | I31: =STDEV(H20:I20) -> 0.0049497475
A32: G | B32: =AVERAGE(B21:C21) -> 0.006 | C32: =STDEV(B21:C21) -> 0.0028284271 | D32: =AVERAGE(D21:E21) -> 0.0045 | E32: =STDEV(D21:E21) -> 0.0021213203 | F32: =AVERAGE(F21:G21) -> 0.007 | G32: =STDEV(F21:G21) -> 0.0042426407 | H32: =AVERAGE(H21:I21) -> 0.0005 | I32: =STDEV(H21:I21) -> 0.00070710678
A33: H | B33: =AVERAGE(B22:C22) -> 0.0075 | C33: =STDEV(B22:C22) -> 0.019091883 | D33: =AVERAGE(D22:E22) -> 0.001 | E33: =STDEV(D22:E22) -> 0.0042426407 | F33: =AVERAGE(F22:G22) -> 0.017 | G33: =STDEV(F22:G22) -> 0.018384776 | H33: =AVERAGE(H22:I22) -> 0.0025 | I33: =STDEV(H22:I22) -> 0.00070710678

Sheet +260 seg
A1: 0 | B1: 1 | C1: 2 | D1: 3 | E1: 4 | F1: 5 | G1: 6 | H1: 7 | I1: 8 | J1: 9 | K1: 10 | L1: 11 | M1: 12
A2: * | B2: 1 | C2: 2 | D2: 3 | E2: 4 | F2: 5 | G2: 6 | H2: 7 | I2: 8 | J2: 9 | K2: 10 | L2: 11 | M2: 12
A3: A | B3: 0.101 | C3: 0.09 | D3: 0.082 | E3: 0.089 | F3: 0.152 | G3: 0.125 | H3: 0.085 | I3: 0.065 | J3: 0.051 | K3: 0.048 | L3: 0.12 | M3: 0.093
A4: B | B4: 0.13 | C4: 0.143 | D4: 0.083 | E4: 0.088 | F4: 0.151 | G4: 0.133 | H4: 0.097 | I4: 0.095 | J4: 0.061 | K4: 0.054 | L4: 0.093 | M4: 0.111
A5: C | B5: 0.143 | C5: 0.152 | D5: 0.085 | E5: 0.08 | F5: 0.106 | G5: 0.111 | H5: 0.081 | I5: 0.062 | J5: 0.094 | K5: 0.118 | L5: 0.114 | M5: 0.108
A6: D | B6: 0.179 | C6: 0.194 | D6: 0.084 | E6: 0.092 | F6: 0.124 | G6: 0.216 | H6: 0.071 | I6: 0.111 | J6: 0.084 | K6: 0.084 | L6: 0.101 | M6: 0.098
A7: E | B7: 0.136 | C7: 0.15 | D7: 0.082 | E7: 0.096 | F7: 0.123 | G7: 0.118 | H7: 0.107 | I7: 0.078 | J7: 0.07 | K7: 0.07 | L7: 0.668 | M7: 0.096
A8: F | B8: 0.122 | C8: 0.095 | D8: 0.076 | E8: 0.08 | F8: 0.105 | G8: 0.083 | H8: 0.08 | I8: 0.056 | J8: 0.049 | K8: 0.062 | L8: 0.373 | M8: 0.097
A9: G | B9: 0.154 | C9: 0.17 | D9: 0.105 | E9: 0.109 | F9: 0.12 | G9: 0.108 | H9: 0.07 | I9: 0.074 | J9: 0.116 | K9: 0.115 | L9: 0.104 | M9: 0.134
A10: H | B10: 0.222 | C10: 0.226 | D10: 0.103 | E10: 0.116 | F10: 0.258 | G10: 0.162 | H10: 0.099 | I10: 0.094 | J10: 0.096 | K10: 0.125 | L10: 0.125 | M10: 0.094
A14: * | B14: 1 | C14: 2 | D14: 3 | E14: 4 | F14: 5 | G14: 6 | H14: 7 | I14: 8 | J14: 9 | K14: 10 | L14: 11 | M14: 12
A15: A | B15: =B3 - '+0 seg'!$B$3 -> 0.003 | C15: =C3 - '+0 seg'!$C$3 -> 0.005 | D15: =D3 - '+0 seg'!$D$3 -> 0.009 | E15: =E3 - '+0 seg'!$E$3 -> 0.002 | F15: =F3 - '+0 seg'!$F$3 -> 0.005 | G15: =G3 - '+0 seg'!$G$3 -> 0.01 | H15: =H3 - '+0 seg'!$H$3 -> 0.002 | I15: =I3 - '+0 seg'!$I$3 -> 0.004 | J15: =J3 - '+0 seg'!$J$3 -> 0 | K15: =K3 - '+0 seg'!$K$3 -> -0.004 | L15: =L3 - '+0 seg'!$L$3 -> 0 | M15: =M3 - '+0 seg'!$M$3 -> 0.001
A16: B | B16: =B4 - '+0 seg'!$B$4 -> 0.002 | C16: =C4 - '+0 seg'!$C$4 -> 0.003 | D16: =D4 - '+0 seg'!$D$4 -> 0.007 | E16: =E4 - '+0 seg'!$E$4 -> 0.004 | F16: =F4 - '+0 seg'!$F$4 -> 0.005 | G16: =G4 - '+0 seg'!$G$4 -> 0.006 | H16: =H4 - '+0 seg'!$H$4 -> 0.006 | I16: =I4 - '+0 seg'!$I$4 -> 0.003 | J16: =J4 - '+0 seg'!$J$4 -> -0.001 | K16: =K4 - '+0 seg'!$K$4 -> 0.002 | L16: =L4 - '+0 seg'!$L$4 -> -0.001 | M16: =M4 - '+0 seg'!$M$4 -> 0
A17: C | B17: =B5 - '+0 seg'!$B$5 -> 0.002 | C17: =C5 - '+0 seg'!$C$5 -> 0.01 | D17: =D5 - '+0 seg'!$D$5 -> 0.005 | E17: =E5 - '+0 seg'!$E$5 -> 0 | F17: =F5 - '+0 seg'!$F$5 -> 0.005 | G17: =G5 - '+0 seg'!$G$5 -> -0.005 | H17: =H5 - '+0 seg'!$H$5 -> 0.006 | I17: =I5 - '+0 seg'!$I$5 -> -0.007 | J17: =J5 - '+0 seg'!$J$5 -> 0 | K17: =K5 - '+0 seg'!$K$5 -> 0 | L17: =L5 - '+0 seg'!$L$5 -> 0 | M17: =M5 - '+0 seg'!$M$5 -> 0.001
A18: D | B18: =B6 - '+0 seg'!$B$6 -> 0.008 | C18: =C6 - '+0 seg'!$C$6 -> 0.01 | D18: =D6 - '+0 seg'!$D$6 -> 0.002 | E18: =E6 - '+0 seg'!$E$6 -> 0.001 | F18: =F6 - '+0 seg'!$F$6 -> 0.007 | G18: =G6 - '+0 seg'!$G$6 -> 0.017 | H18: =H6 - '+0 seg'!$H$6 -> 0.003 | I18: =I6 - '+0 seg'!$I$6 -> 0.002 | J18: =J6 - '+0 seg'!$J$6 -> 0.001 | K18: =K6 - '+0 seg'!$K$6 -> 0 | L18: =L6 - '+0 seg'!$L$6 -> 0 | M18: =M6 - '+0 seg'!$M$6 -> 0.001
A19: E | B19: =B7 - '+0 seg'!$B$7 -> 0.002 | C19: =C7 - '+0 seg'!$C$7 -> -0.001 | D19: =D7 - '+0 seg'!$D$7 -> 0.002 | E19: =E7 - '+0 seg'!$E$7 -> 0.008 | F19: =F7 - '+0 seg'!$F$7 -> 0.011 | G19: =G7 - '+0 seg'!$G$7 -> 0.015 | H19: =H7 - '+0 seg'!$H$7 -> 0.013 | I19: =I7 - '+0 seg'!$I$7 -> -0.006 | J19: =J7 - '+0 seg'!$J$7 -> 0.001 | K19: =K7 - '+0 seg'!$K$7 -> 0.001 | L19: =L7 - '+0 seg'!$L$7 -> 0.025 | M19: =M7 - '+0 seg'!$M$7 -> -0.001
A20: F | B20: =B8 - '+0 seg'!$B$8 -> 0.006 | C20: =C8 - '+0 seg'!$C$8 -> 0.004 | D20: =D8 - '+0 seg'!$D$8 -> -0.003 | E20: =E8 - '+0 seg'!$E$8 -> 0.005 | F20: =F8 - '+0 seg'!$F$8 -> 0.009 | G20: =G8 - '+0 seg'!$G$8 -> 0.004 | H20: =H8 - '+0 seg'!$H$8 -> 0.004 | I20: =I8 - '+0 seg'!$I$8 -> -0.003 | J20: =J8 - '+0 seg'!$J$8 -> -0.002 | K20: =K8 - '+0 seg'!$K$8 -> 0 | L20: =L8 - '+0 seg'!$L$8 -> 0.004 | M20: =M8 - '+0 seg'!$M$8 -> 0
A21: G | B21: =B9 - '+0 seg'!$B$9 -> 0.003 | C21: =C9 - '+0 seg'!$C$9 -> 0.008 | D21: =D9 - '+0 seg'!$D$9 -> 0.005 | E21: =E9 - '+0 seg'!$E$9 -> 0.004 | F21: =F9 - '+0 seg'!$F$9 -> 0.004 | G21: =G9 - '+0 seg'!$G$9 -> 0.01 | H21: =H9 - '+0 seg'!$H$9 -> 0 | I21: =I9 - '+0 seg'!$I$9 -> 0 | J21: =J9 - '+0 seg'!$J$9 -> 0 | K21: =K9 - '+0 seg'!$K$9 -> 0.001 | L21: =L9 - '+0 seg'!$L$9 -> 0 | M21: =M9 - '+0 seg'!$M$9 -> 0.001
A22: H | B22: =B10 - '+0 seg'!$B$10 -> 0.003 | C22: =C10 - '+0 seg'!$C$10 -> 0.021 | D22: =D10 - '+0 seg'!$D$10 -> -0.002 | E22: =E10 - '+0 seg'!$E$10 -> 0.004 | F22: =F10 - '+0 seg'!$F$10 -> 0.032 | G22: =G10 - '+0 seg'!$G$10 -> 0.003 | H22: =H10 - '+0 seg'!$H$10 -> 0.002 | I22: =I10 - '+0 seg'!$I$10 -> 0.002 | J22: =J10 - '+0 seg'!$J$10 -> 0 | K22: =K10 - '+0 seg'!$K$10 -> 0 | L22: =L10 - '+0 seg'!$L$10 -> 0 | M22: =M10 - '+0 seg'!$M$10 -> -0.002
A25: * | B25: Mean 1-2 | C25: DE 1-2 | D25: Mean 3-4 | E25: DE 3-4 | F25: Mean 5-6 | G25: DE 5-6 | H25: Mean 7-8 | I25: DE 7-8 | J25: Mean 9 | K25: DE 9 | L25: Mean 10 | M25: DE 10
A26: A | B26: =AVERAGE(B15:C15) -> 0.004 | C26: =STDEV(B15:C15) -> 0.0014142136 | D26: =AVERAGE(D15:E15) -> 0.0055 | E26: =STDEV(D15:E15) -> 0.0049497475 | F26: =AVERAGE(F15:G15) -> 0.0075 | G26: =STDEV(F15:G15) -> 0.0035355339 | H26: =AVERAGE(H15:I15) -> 0.003 | I26: =STDEV(H15:I15) -> 0.0014142136 | J26: =AVERAGE(J15:J16) -> -0.0005 | K26: =STDEV(J15:J16) -> 0.00070710678 | L26: =AVERAGE(K15:K16) -> -0.001 | M26: =STDEV(K15:K16) -> 0.0042426407
A27: B | B27: =AVERAGE(B16:C16) -> 0.0025 | C27: =STDEV(B16:C16) -> 0.00070710678 | D27: =AVERAGE(D16:E16) -> 0.0055 | E27: =STDEV(D16:E16) -> 0.0021213203 | F27: =AVERAGE(F16:G16) -> 0.0055 | G27: =STDEV(F16:G16) -> 0.00070710678 | H27: =AVERAGE(H16:I16) -> 0.0045 | I27: =STDEV(H16:I16) -> 0.0021213203
A28: C | B28: =AVERAGE(B17:C17) -> 0.006 | C28: =STDEV(B17:C17) -> 0.0056568542 | D28: =AVERAGE(D17:E17) -> 0.0025 | E28: =STDEV(D17:E17) -> 0.0035355339 | F28: =AVERAGE(F17:G17) -> -6.9388939e-18 | G28: =STDEV(F17:G17) -> 0.0070710678 | H28: =AVERAGE(H17:I17) -> -0.0005 | I28: =STDEV(H17:I17) -> 0.0091923882
A29: D | B29: =AVERAGE(B18:C18) -> 0.009 | C29: =STDEV(B18:C18) -> 0.0014142136 | D29: =AVERAGE(D18:E18) -> 0.0015 | E29: =STDEV(D18:E18) -> 0.00070710678 | F29: =AVERAGE(F18:G18) -> 0.012 | G29: =STDEV(F18:G18) -> 0.0070710678 | H29: =AVERAGE(H18:I18) -> 0.0025 | I29: =STDEV(H18:I18) -> 0.00070710678
A30: E | B30: =AVERAGE(B19:C19) -> 0.0005 | C30: =STDEV(B19:C19) -> 0.0021213203 | D30: =AVERAGE(D19:E19) -> 0.005 | E30: =STDEV(D19:E19) -> 0.0042426407 | F30: =AVERAGE(F19:G19) -> 0.013 | G30: =STDEV(F19:G19) -> 0.0028284271 | H30: =AVERAGE(H19:I19) -> 0.0035 | I30: =STDEV(H19:I19) -> 0.013435029 | J30: =AVERAGE(J19:J20) -> -0.0005 | K30: =STDEV(J19:J20) -> 0.0021213203 | L30: =AVERAGE(K19:K20) -> 0.0005 | M30: =STDEV(K19:K20) -> 0.00070710678
A31: F | B31: =AVERAGE(B20:C20) -> 0.005 | C31: =STDEV(B20:C20) -> 0.0014142136 | D31: =AVERAGE(D20:E20) -> 0.001 | E31: =STDEV(D20:E20) -> 0.0056568542 | F31: =AVERAGE(F20:G20) -> 0.0065 | G31: =STDEV(F20:G20) -> 0.0035355339 | H31: =AVERAGE(H20:I20) -> 0.0005 | I31: =STDEV(H20:I20) -> 0.0049497475
A32: G | B32: =AVERAGE(B21:C21) -> 0.0055 | C32: =STDEV(B21:C21) -> 0.0035355339 | D32: =AVERAGE(D21:E21) -> 0.0045 | E32: =STDEV(D21:E21) -> 0.00070710678 | F32: =AVERAGE(F21:G21) -> 0.007 | G32: =STDEV(F21:G21) -> 0.0042426407 | H32: =AVERAGE(H21:I21) -> 0 | I32: =STDEV(H21:I21) -> 0
A33: H | B33: =AVERAGE(B22:C22) -> 0.012 | C33: =STDEV(B22:C22) -> 0.012727922 | D33: =AVERAGE(D22:E22) -> 0.001 | E33: =STDEV(D22:E22) -> 0.0042426407 | F33: =AVERAGE(F22:G22) -> 0.0175 | G33: =STDEV(F22:G22) -> 0.020506097 | H33: =AVERAGE(H22:I22) -> 0.002 | I33: =STDEV(H22:I22) -> 0

Sheet +279 seg
A1: 0 | B1: 1 | C1: 2 | D1: 3 | E1: 4 | F1: 5 | G1: 6 | H1: 7 | I1: 8 | J1: 9 | K1: 10 | L1: 11 | M1: 12
A2: * | B2: 1 | C2: 2 | D2: 3 | E2: 4 | F2: 5 | G2: 6 | H2: 7 | I2: 8 | J2: 9 | K2: 10 | L2: 11 | M2: 12
A3: A | B3: 0.101 | C3: 0.091 | D3: 0.083 | E3: 0.082 | F3: 0.152 | G3: 0.126 | H3: 0.085 | I3: 0.065 | J3: 0.051 | K3: 0.048 | L3: 0.12 | M3: 0.093
A4: B | B4: 0.131 | C4: 0.144 | D4: 0.08 | E4: 0.09 | F4: 0.152 | G4: 0.134 | H4: 0.098 | I4: 0.095 | J4: 0.061 | K4: 0.055 | L4: 0.093 | M4: 0.111
A5: C | B5: 0.144 | C5: 0.152 | D5: 0.085 | E5: 0.079 | F5: 0.107 | G5: 0.111 | H5: 0.081 | I5: 0.062 | J5: 0.094 | K5: 0.118 | L5: 0.114 | M5: 0.108
A6: D | B6: 0.179 | C6: 0.196 | D6: 0.084 | E6: 0.092 | F6: 0.125 | G6: 0.218 | H6: 0.071 | I6: 0.111 | J6: 0.084 | K6: 0.084 | L6: 0.101 | M6: 0.099
A7: E | B7: 0.136 | C7: 0.147 | D7: 0.082 | E7: 0.095 | F7: 0.125 | G7: 0.119 | H7: 0.108 | I7: 0.077 | J7: 0.069 | K7: 0.07 | L7: 0.658 | M7: 0.096
A8: F | B8: 0.122 | C8: 0.095 | D8: 0.076 | E8: 0.08 | F8: 0.105 | G8: 0.084 | H8: 0.079 | I8: 0.056 | J8: 0.049 | K8: 0.062 | L8: 0.372 | M8: 0.098
A9: G | B9: 0.155 | C9: 0.17 | D9: 0.105 | E9: 0.109 | F9: 0.12 | G9: 0.109 | H9: 0.07 | I9: 0.074 | J9: 0.116 | K9: 0.115 | L9: 0.104 | M9: 0.134
A10: H | B10: 0.227 | C10: 0.226 | D10: 0.103 | E10: 0.116 | F10: 0.259 | G10: 0.161 | H10: 0.1 | I10: 0.094 | J10: 0.096 | K10: 0.125 | L10: 0.125 | M10: 0.094
A14: * | B14: 1 | C14: 2 | D14: 3 | E14: 4 | F14: 5 | G14: 6 | H14: 7 | I14: 8 | J14: 9 | K14: 10 | L14: 11 | M14: 12
A15: A | B15: =B3 - '+0 seg'!$B$3 -> 0.003 | C15: =C3 - '+0 seg'!$C$3 -> 0.006 | D15: =D3 - '+0 seg'!$D$3 -> 0.01 | E15: =E3 - '+0 seg'!$E$3 -> -0.005 | F15: =F3 - '+0 seg'!$F$3 -> 0.005 | G15: =G3 - '+0 seg'!$G$3 -> 0.011 | H15: =H3 - '+0 seg'!$H$3 -> 0.002 | I15: =I3 - '+0 seg'!$I$3 -> 0.004 | J15: =J3 - '+0 seg'!$J$3 -> 0 | K15: =K3 - '+0 seg'!$K$3 -> -0.004 | L15: =L3 - '+0 seg'!$L$3 -> 0 | M15: =M3 - '+0 seg'!$M$3 -> 0.001
A16: B | B16: =B4 - '+0 seg'!$B$4 -> 0.003 | C16: =C4 - '+0 seg'!$C$4 -> 0.004 | D16: =D4 - '+0 seg'!$D$4 -> 0.004 | E16: =E4 - '+0 seg'!$E$4 -> 0.006 | F16: =F4 - '+0 seg'!$F$4 -> 0.006 | G16: =G4 - '+0 seg'!$G$4 -> 0.007 | H16: =H4 - '+0 seg'!$H$4 -> 0.007 | I16: =I4 - '+0 seg'!$I$4 -> 0.003 | J16: =J4 - '+0 seg'!$J$4 -> -0.001 | K16: =K4 - '+0 seg'!$K$4 -> 0.003 | L16: =L4 - '+0 seg'!$L$4 -> -0.001 | M16: =M4 - '+0 seg'!$M$4 -> 0
A17: C | B17: =B5 - '+0 seg'!$B$5 -> 0.003 | C17: =C5 - '+0 seg'!$C$5 -> 0.01 | D17: =D5 - '+0 seg'!$D$5 -> 0.005 | E17: =E5 - '+0 seg'!$E$5 -> -0.001 | F17: =F5 - '+0 seg'!$F$5 -> 0.006 | G17: =G5 - '+0 seg'!$G$5 -> -0.005 | H17: =H5 - '+0 seg'!$H$5 -> 0.006 | I17: =I5 - '+0 seg'!$I$5 -> -0.007 | J17: =J5 - '+0 seg'!$J$5 -> 0 | K17: =K5 - '+0 seg'!$K$5 -> 0 | L17: =L5 - '+0 seg'!$L$5 -> 0 | M17: =M5 - '+0 seg'!$M$5 -> 0.001
A18: D | B18: =B6 - '+0 seg'!$B$6 -> 0.008 | C18: =C6 - '+0 seg'!$C$6 -> 0.012 | D18: =D6 - '+0 seg'!$D$6 -> 0.002 | E18: =E6 - '+0 seg'!$E$6 -> 0.001 | F18: =F6 - '+0 seg'!$F$6 -> 0.008 | G18: =G6 - '+0 seg'!$G$6 -> 0.019 | H18: =H6 - '+0 seg'!$H$6 -> 0.003 | I18: =I6 - '+0 seg'!$I$6 -> 0.002 | J18: =J6 - '+0 seg'!$J$6 -> 0.001 | K18: =K6 - '+0 seg'!$K$6 -> 0 | L18: =L6 - '+0 seg'!$L$6 -> 0 | M18: =M6 - '+0 seg'!$M$6 -> 0.002
A19: E | B19: =B7 - '+0 seg'!$B$7 -> 0.002 | C19: =C7 - '+0 seg'!$C$7 -> -0.004 | D19: =D7 - '+0 seg'!$D$7 -> 0.002 | E19: =E7 - '+0 seg'!$E$7 -> 0.007 | F19: =F7 - '+0 seg'!$F$7 -> 0.013 | G19: =G7 - '+0 seg'!$G$7 -> 0.016 | H19: =H7 - '+0 seg'!$H$7 -> 0.014 | I19: =I7 - '+0 seg'!$I$7 -> -0.007 | J19: =J7 - '+0 seg'!$J$7 -> 0 | K19: =K7 - '+0 seg'!$K$7 -> 0.001 | L19: =L7 - '+0 seg'!$L$7 -> 0.015 | M19: =M7 - '+0 seg'!$M$7 -> -0.001
A20: F | B20: =B8 - '+0 seg'!$B$8 -> 0.006 | C20: =C8 - '+0 seg'!$C$8 -> 0.004 | D20: =D8 - '+0 seg'!$D$8 -> -0.003 | E20: =E8 - '+0 seg'!$E$8 -> 0.005 | F20: =F8 - '+0 seg'!$F$8 -> 0.009 | G20: =G8 - '+0 seg'!$G$8 -> 0.005 | H20: =H8 - '+0 seg'!$H$8 -> 0.003 | I20: =I8 - '+0 seg'!$I$8 -> -0.003 | J20: =J8 - '+0 seg'!$J$8 -> -0.002 | K20: =K8 - '+0 seg'!$K$8 -> 0 | L20: =L8 - '+0 seg'!$L$8 -> 0.003 | M20: =M8 - '+0 seg'!$M$8 -> 0.001
A21: G | B21: =B9 - '+0 seg'!$B$9 -> 0.004 | C21: =C9 - '+0 seg'!$C$9 -> 0.008 | D21: =D9 - '+0 seg'!$D$9 -> 0.005 | E21: =E9 - '+0 seg'!$E$9 -> 0.004 | F21: =F9 - '+0 seg'!$F$9 -> 0.004 | G21: =G9 - '+0 seg'!$G$9 -> 0.011 | H21: =H9 - '+0 seg'!$H$9 -> 0 | I21: =I9 - '+0 seg'!$I$9 -> 0 | J21: =J9 - '+0 seg'!$J$9 -> 0 | K21: =K9 - '+0 seg'!$K$9 -> 0.001 | L21: =L9 - '+0 seg'!$L$9 -> 0 | M21: =M9 - '+0 seg'!$M$9 -> 0.001
A22: H | B22: =B10 - '+0 seg'!$B$10 -> 0.008 | C22: =C10 - '+0 seg'!$C$10 -> 0.021 | D22: =D10 - '+0 seg'!$D$10 -> -0.002 | E22: =E10 - '+0 seg'!$E$10 -> 0.004 | F22: =F10 - '+0 seg'!$F$10 -> 0.033 | G22: =G10 - '+0 seg'!$G$10 -> 0.002 | H22: =H10 - '+0 seg'!$H$10 -> 0.003 | I22: =I10 - '+0 seg'!$I$10 -> 0.002 | J22: =J10 - '+0 seg'!$J$10 -> 0 | K22: =K10 - '+0 seg'!$K$10 -> 0 | L22: =L10 - '+0 seg'!$L$10 -> 0 | M22: =M10 - '+0 seg'!$M$10 -> -0.002
A25: * | B25: Mean 1-2 | C25: DE 1-2 | D25: Mean 3-4 | E25: DE 3-4 | F25: Mean 5-6 | G25: DE 5-6 | H25: Mean 7-8 | I25: DE 7-8 | J25: Mean 9 | K25: DE 9 | L25: Mean 10 | M25: DE 10
A26: A | B26: =AVERAGE(B15:C15) -> 0.0045 | C26: =STDEV(B15:C15) -> 0.0021213203 | D26: =AVERAGE(D15:E15) -> 0.0025 | E26: =STDEV(D15:E15) -> 0.010606602 | F26: =AVERAGE(F15:G15) -> 0.008 | G26: =STDEV(F15:G15) -> 0.0042426407 | H26: =AVERAGE(H15:I15) -> 0.003 | I26: =STDEV(H15:I15) -> 0.0014142136 | J26: =AVERAGE(J15:J16) -> -0.0005 | K26: =STDEV(J15:J16) -> 0.00070710678 | L26: =AVERAGE(K15:K16) -> -0.0005 | M26: =STDEV(K15:K16) -> 0.0049497475
A27: B | B27: =AVERAGE(B16:C16) -> 0.0035 | C27: =STDEV(B16:C16) -> 0.00070710678 | D27: =AVERAGE(D16:E16) -> 0.005 | E27: =STDEV(D16:E16) -> 0.0014142136 | F27: =AVERAGE(F16:G16) -> 0.0065 | G27: =STDEV(F16:G16) -> 0.00070710678 | H27: =AVERAGE(H16:I16) -> 0.005 | I27: =STDEV(H16:I16) -> 0.0028284271
A28: C | B28: =AVERAGE(B17:C17) -> 0.0065 | C28: =STDEV(B17:C17) -> 0.0049497475 | D28: =AVERAGE(D17:E17) -> 0.002 | E28: =STDEV(D17:E17) -> 0.0042426407 | F28: =AVERAGE(F17:G17) -> 0.0005 | G28: =STDEV(F17:G17) -> 0.0077781746 | H28: =AVERAGE(H17:I17) -> -0.0005 | I28: =STDEV(H17:I17) -> 0.0091923882
A29: D | B29: =AVERAGE(B18:C18) -> 0.01 | C29: =STDEV(B18:C18) -> 0.0028284271 | D29: =AVERAGE(D18:E18) -> 0.0015 | E29: =STDEV(D18:E18) -> 0.00070710678 | F29: =AVERAGE(F18:G18) -> 0.0135 | G29: =STDEV(F18:G18) -> 0.0077781746 | H29: =AVERAGE(H18:I18) -> 0.0025 | I29: =STDEV(H18:I18) -> 0.00070710678
A30: E | B30: =AVERAGE(B19:C19) -> -0.001 | C30: =STDEV(B19:C19) -> 0.0042426407 | D30: =AVERAGE(D19:E19) -> 0.0045 | E30: =STDEV(D19:E19) -> 0.0035355339 | F30: =AVERAGE(F19:G19) -> 0.0145 | G30: =STDEV(F19:G19) -> 0.0021213203 | H30: =AVERAGE(H19:I19) -> 0.0035 | I30: =STDEV(H19:I19) -> 0.014849242 | J30: =AVERAGE(J19:J20) -> -0.001 | K30: =STDEV(J19:J20) -> 0.0014142136 | L30: =AVERAGE(K19:K20) -> 0.0005 | M30: =STDEV(K19:K20) -> 0.00070710678
A31: F | B31: =AVERAGE(B20:C20) -> 0.005 | C31: =STDEV(B20:C20) -> 0.0014142136 | D31: =AVERAGE(D20:E20) -> 0.001 | E31: =STDEV(D20:E20) -> 0.0056568542 | F31: =AVERAGE(F20:G20) -> 0.007 | G31: =STDEV(F20:G20) -> 0.0028284271 | H31: =AVERAGE(H20:I20) -> 3.469447e-18 | I31: =STDEV(H20:I20) -> 0.0042426407
A32: G | B32: =AVERAGE(B21:C21) -> 0.006 | C32: =STDEV(B21:C21) -> 0.0028284271 | D32: =AVERAGE(D21:E21) -> 0.0045 | E32: =STDEV(D21:E21) -> 0.00070710678 | F32: =AVERAGE(F21:G21) -> 0.0075 | G32: =STDEV(F21:G21) -> 0.0049497475 | H32: =AVERAGE(H21:I21) -> 0 | I32: =STDEV(H21:I21) -> 0
A33: H | B33: =AVERAGE(B22:C22) -> 0.0145 | C33: =STDEV(B22:C22) -> 0.0091923882 | D33: =AVERAGE(D22:E22) -> 0.001 | E33: =STDEV(D22:E22) -> 0.0042426407 | F33: =AVERAGE(F22:G22) -> 0.0175 | G33: =STDEV(F22:G22) -> 0.02192031 | H33: =AVERAGE(H22:I22) -> 0.0025 | I33: =STDEV(H22:I22) -> 0.00070710678

Sheet +300 seg
A1: 0 | B1: 1 | C1: 2 | D1: 3 | E1: 4 | F1: 5 | G1: 6 | H1: 7 | I1: 8 | J1: 9 | K1: 10 | L1: 11 | M1: 12
A2: * | B2: 1 | C2: 2 | D2: 3 | E2: 4 | F2: 5 | G2: 6 | H2: 7 | I2: 8 | J2: 9 | K2: 10 | L2: 11 | M2: 12
A3: A | B3: 0.103 | C3: 0.091 | D3: 0.083 | E3: 0.099 | F3: 0.153 | G3: 0.126 | H3: 0.085 | I3: 0.065 | J3: 0.051 | K3: 0.049 | L3: 0.12 | M3: 0.093
A4: B | B4: 0.135 | C4: 0.144 | D4: 0.08 | E4: 0.09 | F4: 0.152 | G4: 0.134 | H4: 0.098 | I4: 0.095 | J4: 0.061 | K4: 0.055 | L4: 0.094 | M4: 0.111
A5: C | B5: 0.144 | C5: 0.153 | D5: 0.085 | E5: 0.08 | F5: 0.107 | G5: 0.111 | H5: 0.08 | I5: 0.062 | J5: 0.094 | K5: 0.118 | L5: 0.114 | M5: 0.108
A6: D | B6: 0.18 | C6: 0.193 | D6: 0.084 | E6: 0.093 | F6: 0.126 | G6: 0.218 | H6: 0.071 | I6: 0.111 | J6: 0.084 | K6: 0.084 | L6: 0.101 | M6: 0.099
A7: E | B7: 0.136 | C7: 0.15 | D7: 0.085 | E7: 0.098 | F7: 0.124 | G7: 0.12 | H7: 0.107 | I7: 0.078 | J7: 0.069 | K7: 0.071 | L7: 0.64 | M7: 0.096
A8: F | B8: 0.122 | C8: 0.095 | D8: 0.076 | E8: 0.081 | F8: 0.106 | G8: 0.084 | H8: 0.078 | I8: 0.056 | J8: 0.049 | K8: 0.063 | L8: 0.36 | M8: 0.098
A9: G | B9: 0.155 | C9: 0.171 | D9: 0.106 | E9: 0.11 | F9: 0.12 | G9: 0.109 | H9: 0.07 | I9: 0.075 | J9: 0.116 | K9: 0.115 | L9: 0.104 | M9: 0.134
A10: H | B10: 0.213 | C10: 0.227 | D10: 0.103 | E10: 0.118 | F10: 0.26 | G10: 0.161 | H10: 0.1 | I10: 0.094 | J10: 0.096 | K10: 0.125 | L10: 0.125 | M10: 0.094
A14: * | B14: 1 | C14: 2 | D14: 3 | E14: 4 | F14: 5 | G14: 6 | H14: 7 | I14: 8 | J14: 9 | K14: 10 | L14: 11 | M14: 12
A15: A | B15: =B3 - '+0 seg'!$B$3 -> 0.005 | C15: =C3 - '+0 seg'!$C$3 -> 0.006 | D15: =D3 - '+0 seg'!$D$3 -> 0.01 | E15: =E3 - '+0 seg'!$E$3 -> 0.012 | F15: =F3 - '+0 seg'!$F$3 -> 0.006 | G15: =G3 - '+0 seg'!$G$3 -> 0.011 | H15: =H3 - '+0 seg'!$H$3 -> 0.002 | I15: =I3 - '+0 seg'!$I$3 -> 0.004 | J15: =J3 - '+0 seg'!$J$3 -> 0 | K15: =K3 - '+0 seg'!$K$3 -> -0.003 | L15: =L3 - '+0 seg'!$L$3 -> 0 | M15: =M3 - '+0 seg'!$M$3 -> 0.001
A16: B | B16: =B4 - '+0 seg'!$B$4 -> 0.007 | C16: =C4 - '+0 seg'!$C$4 -> 0.004 | D16: =D4 - '+0 seg'!$D$4 -> 0.004 | E16: =E4 - '+0 seg'!$E$4 -> 0.006 | F16: =F4 - '+0 seg'!$F$4 -> 0.006 | G16: =G4 - '+0 seg'!$G$4 -> 0.007 | H16: =H4 - '+0 seg'!$H$4 -> 0.007 | I16: =I4 - '+0 seg'!$I$4 -> 0.003 | J16: =J4 - '+0 seg'!$J$4 -> -0.001 | K16: =K4 - '+0 seg'!$K$4 -> 0.003 | L16: =L4 - '+0 seg'!$L$4 -> 0 | M16: =M4 - '+0 seg'!$M$4 -> 0
A17: C | B17: =B5 - '+0 seg'!$B$5 -> 0.003 | C17: =C5 - '+0 seg'!$C$5 -> 0.011 | D17: =D5 - '+0 seg'!$D$5 -> 0.005 | E17: =E5 - '+0 seg'!$E$5 -> 0 | F17: =F5 - '+0 seg'!$F$5 -> 0.006 | G17: =G5 - '+0 seg'!$G$5 -> -0.005 | H17: =H5 - '+0 seg'!$H$5 -> 0.005 | I17: =I5 - '+0 seg'!$I$5 -> -0.007 | J17: =J5 - '+0 seg'!$J$5 -> 0 | K17: =K5 - '+0 seg'!$K$5 -> 0 | L17: =L5 - '+0 seg'!$L$5 -> 0 | M17: =M5 - '+0 seg'!$M$5 -> 0.001
A18: D | B18: =B6 - '+0 seg'!$B$6 -> 0.009 | C18: =C6 - '+0 seg'!$C$6 -> 0.009 | D18: =D6 - '+0 seg'!$D$6 -> 0.002 | E18: =E6 - '+0 seg'!$E$6 -> 0.002 | F18: =F6 - '+0 seg'!$F$6 -> 0.009 | G18: =G6 - '+0 seg'!$G$6 -> 0.019 | H18: =H6 - '+0 seg'!$H$6 -> 0.003 | I18: =I6 - '+0 seg'!$I$6 -> 0.002 | J18: =J6 - '+0 seg'!$J$6 -> 0.001 | K18: =K6 - '+0 seg'!$K$6 -> 0 | L18: =L6 - '+0 seg'!$L$6 -> 0 | M18: =M6 - '+0 seg'!$M$6 -> 0.002
A19: E | B19: =B7 - '+0 seg'!$B$7 -> 0.002 | C19: =C7 - '+0 seg'!$C$7 -> -0.001 | D19: =D7 - '+0 seg'!$D$7 -> 0.005 | E19: =E7 - '+0 seg'!$E$7 -> 0.01 | F19: =F7 - '+0 seg'!$F$7 -> 0.012 | G19: =G7 - '+0 seg'!$G$7 -> 0.017 | H19: =H7 - '+0 seg'!$H$7 -> 0.013 | I19: =I7 - '+0 seg'!$I$7 -> -0.006 | J19: =J7 - '+0 seg'!$J$7 -> 0 | K19: =K7 - '+0 seg'!$K$7 -> 0.002 | L19: =L7 - '+0 seg'!$L$7 -> -0.003 | M19: =M7 - '+0 seg'!$M$7 -> -0.001
A20: F | B20: =B8 - '+0 seg'!$B$8 -> 0.006 | C20: =C8 - '+0 seg'!$C$8 -> 0.004 | D20: =D8 - '+0 seg'!$D$8 -> -0.003 | E20: =E8 - '+0 seg'!$E$8 -> 0.006 | F20: =F8 - '+0 seg'!$F$8 -> 0.01 | G20: =G8 - '+0 seg'!$G$8 -> 0.005 | H20: =H8 - '+0 seg'!$H$8 -> 0.002 | I20: =I8 - '+0 seg'!$I$8 -> -0.003 | J20: =J8 - '+0 seg'!$J$8 -> -0.002 | K20: =K8 - '+0 seg'!$K$8 -> 0.001 | L20: =L8 - '+0 seg'!$L$8 -> -0.009 | M20: =M8 - '+0 seg'!$M$8 -> 0.001
A21: G | B21: =B9 - '+0 seg'!$B$9 -> 0.004 | C21: =C9 - '+0 seg'!$C$9 -> 0.009 | D21: =D9 - '+0 seg'!$D$9 -> 0.006 | E21: =E9 - '+0 seg'!$E$9 -> 0.005 | F21: =F9 - '+0 seg'!$F$9 -> 0.004 | G21: =G9 - '+0 seg'!$G$9 -> 0.011 | H21: =H9 - '+0 seg'!$H$9 -> 0 | I21: =I9 - '+0 seg'!$I$9 -> 0.001 | J21: =J9 - '+0 seg'!$J$9 -> 0 | K21: =K9 - '+0 seg'!$K$9 -> 0.001 | L21: =L9 - '+0 seg'!$L$9 -> 0 | M21: =M9 - '+0 seg'!$M$9 -> 0.001
A22: H | B22: =B10 - '+0 seg'!$B$10 -> -0.006 | C22: =C10 - '+0 seg'!$C$10 -> 0.022 | D22: =D10 - '+0 seg'!$D$10 -> -0.002 | E22: =E10 - '+0 seg'!$E$10 -> 0.006 | F22: =F10 - '+0 seg'!$F$10 -> 0.034 | G22: =G10 - '+0 seg'!$G$10 -> 0.002 | H22: =H10 - '+0 seg'!$H$10 -> 0.003 | I22: =I10 - '+0 seg'!$I$10 -> 0.002 | J22: =J10 - '+0 seg'!$J$10 -> 0 | K22: =K10 - '+0 seg'!$K$10 -> 0 | L22: =L10 - '+0 seg'!$L$10 -> 0 | M22: =M10 - '+0 seg'!$M$10 -> -0.002
A25: * | B25: Mean 1-2 | C25: DE 1-2 | D25: Mean 3-4 | E25: DE 3-4 | F25: Mean 5-6 | G25: DE 5-6 | H25: Mean 7-8 | I25: DE 7-8 | J25: Mean 9 | K25: DE 9 | L25: Mean 10 | M25: DE 10
A26: A | B26: =AVERAGE(B15:C15) -> 0.0055 | C26: =STDEV(B15:C15) -> 0.00070710678 | D26: =AVERAGE(D15:E15) -> 0.011 | E26: =STDEV(D15:E15) -> 0.0014142136 | F26: =AVERAGE(F15:G15) -> 0.0085 | G26: =STDEV(F15:G15) -> 0.0035355339 | H26: =AVERAGE(H15:I15) -> 0.003 | I26: =STDEV(H15:I15) -> 0.0014142136 | J26: =AVERAGE(J15:J16) -> -0.0005 | K26: =STDEV(J15:J16) -> 0.00070710678 | L26: =AVERAGE(K15:K16) -> 3.469447e-18 | M26: =STDEV(K15:K16) -> 0.0042426407
A27: B | B27: =AVERAGE(B16:C16) -> 0.0055 | C27: =STDEV(B16:C16) -> 0.0021213203 | D27: =AVERAGE(D16:E16) -> 0.005 | E27: =STDEV(D16:E16) -> 0.0014142136 | F27: =AVERAGE(F16:G16) -> 0.0065 | G27: =STDEV(F16:G16) -> 0.00070710678 | H27: =AVERAGE(H16:I16) -> 0.005 | I27: =STDEV(H16:I16) -> 0.0028284271
A28: C | B28: =AVERAGE(B17:C17) -> 0.007 | C28: =STDEV(B17:C17) -> 0.0056568542 | D28: =AVERAGE(D17:E17) -> 0.0025 | E28: =STDEV(D17:E17) -> 0.0035355339 | F28: =AVERAGE(F17:G17) -> 0.0005 | G28: =STDEV(F17:G17) -> 0.0077781746 | H28: =AVERAGE(H17:I17) -> -0.001 | I28: =STDEV(H17:I17) -> 0.0084852814
A29: D | B29: =AVERAGE(B18:C18) -> 0.009 | C29: =STDEV(B18:C18) -> 1.9626156e-17 | D29: =AVERAGE(D18:E18) -> 0.002 | E29: =STDEV(D18:E18) -> 0 | F29: =AVERAGE(F18:G18) -> 0.014 | G29: =STDEV(F18:G18) -> 0.0070710678 | H29: =AVERAGE(H18:I18) -> 0.0025 | I29: =STDEV(H18:I18) -> 0.00070710678
A30: E | B30: =AVERAGE(B19:C19) -> 0.0005 | C30: =STDEV(B19:C19) -> 0.0021213203 | D30: =AVERAGE(D19:E19) -> 0.0075 | E30: =STDEV(D19:E19) -> 0.0035355339 | F30: =AVERAGE(F19:G19) -> 0.0145 | G30: =STDEV(F19:G19) -> 0.0035355339 | H30: =AVERAGE(H19:I19) -> 0.0035 | I30: =STDEV(H19:I19) -> 0.013435029 | J30: =AVERAGE(J19:J20) -> -0.001 | K30: =STDEV(J19:J20) -> 0.0014142136 | L30: =AVERAGE(K19:K20) -> 0.0015 | M30: =STDEV(K19:K20) -> 0.00070710678
A31: F | B31: =AVERAGE(B20:C20) -> 0.005 | C31: =STDEV(B20:C20) -> 0.0014142136 | D31: =AVERAGE(D20:E20) -> 0.0015 | E31: =STDEV(D20:E20) -> 0.006363961 | F31: =AVERAGE(F20:G20) -> 0.0075 | G31: =STDEV(F20:G20) -> 0.0035355339 | H31: =AVERAGE(H20:I20) -> -0.0005 | I31: =STDEV(H20:I20) -> 0.0035355339
A32: G | B32: =AVERAGE(B21:C21) -> 0.0065 | C32: =STDEV(B21:C21) -> 0.0035355339 | D32: =AVERAGE(D21:E21) -> 0.0055 | E32: =STDEV(D21:E21) -> 0.00070710678 | F32: =AVERAGE(F21:G21) -> 0.0075 | G32: =STDEV(F21:G21) -> 0.0049497475 | H32: =AVERAGE(H21:I21) -> 0.0005 | I32: =STDEV(H21:I21) -> 0.00070710678
A33: H | B33: =AVERAGE(B22:C22) -> 0.008 | C33: =STDEV(B22:C22) -> 0.01979899 | D33: =AVERAGE(D22:E22) -> 0.002 | E33: =STDEV(D22:E22) -> 0.0056568542 | F33: =AVERAGE(F22:G22) -> 0.018 | G33: =STDEV(F22:G22) -> 0.022627417 | H33: =AVERAGE(H22:I22) -> 0.0025 | I33: =STDEV(H22:I22) -> 0.00070710678

Sheet +326 seg
A1: 0 | B1: 1 | C1: 2 | D1: 3 | E1: 4 | F1: 5 | G1: 6 | H1: 7 | I1: 8 | J1: 9 | K1: 10 | L1: 11 | M1: 12
A2: * | B2: 1 | C2: 2 | D2: 3 | E2: 4 | F2: 5 | G2: 6 | H2: 7 | I2: 8 | J2: 9 | K2: 10 | L2: 11 | M2: 12
A3: A | B3: 0.104 | C3: 0.091 | D3: 0.083 | E3: 0.091 | F3: 0.153 | G3: 0.127 | H3: 0.085 | I3: 0.065 | J3: 0.051 | K3: 0.049 | L3: 0.121 | M3: 0.093
A4: B | B4: 0.132 | C4: 0.144 | D4: 0.082 | E4: 0.09 | F4: 0.152 | G4: 0.135 | H4: 0.099 | I4: 0.096 | J4: 0.061 | K4: 0.055 | L4: 0.094 | M4: 0.111
A5: C | B5: 0.144 | C5: 0.153 | D5: 0.085 | E5: 0.08 | F5: 0.108 | G5: 0.111 | H5: 0.08 | I5: 0.062 | J5: 0.094 | K5: 0.118 | L5: 0.114 | M5: 0.108
A6: D | B6: 0.18 | C6: 0.195 | D6: 0.084 | E6: 0.093 | F6: 0.126 | G6: 0.219 | H6: 0.071 | I6: 0.112 | J6: 0.084 | K6: 0.084 | L6: 0.101 | M6: 0.099
A7: E | B7: 0.136 | C7: 0.151 | D7: 0.083 | E7: 0.099 | F7: 0.126 | G7: 0.12 | H7: 0.107 | I7: 0.077 | J7: 0.069 | K7: 0.07 | L7: 0.626 | M7: 0.096
A8: F | B8: 0.123 | C8: 0.096 | D8: 0.075 | E8: 0.082 | F8: 0.106 | G8: 0.084 | H8: 0.077 | I8: 0.055 | J8: 0.048 | K8: 0.063 | L8: 0.354 | M8: 0.098
A9: G | B9: 0.155 | C9: 0.171 | D9: 0.106 | E9: 0.11 | F9: 0.121 | G9: 0.11 | H9: 0.071 | I9: 0.074 | J9: 0.116 | K9: 0.115 | L9: 0.104 | M9: 0.133
A10: H | B10: 0.215 | C10: 0.228 | D10: 0.103 | E10: 0.12 | F10: 0.261 | G10: 0.161 | H10: 0.1 | I10: 0.094 | J10: 0.096 | K10: 0.125 | L10: 0.125 | M10: 0.094
A14: * | B14: 1 | C14: 2 | D14: 3 | E14: 4 | F14: 5 | G14: 6 | H14: 7 | I14: 8 | J14: 9 | K14: 10 | L14: 11 | M14: 12
A15: A | B15: =B3 - '+0 seg'!$B$3 -> 0.006 | C15: =C3 - '+0 seg'!$C$3 -> 0.006 | D15: =D3 - '+0 seg'!$D$3 -> 0.01 | E15: =E3 - '+0 seg'!$E$3 -> 0.004 | F15: =F3 - '+0 seg'!$F$3 -> 0.006 | G15: =G3 - '+0 seg'!$G$3 -> 0.012 | H15: =H3 - '+0 seg'!$H$3 -> 0.002 | I15: =I3 - '+0 seg'!$I$3 -> 0.004 | J15: =J3 - '+0 seg'!$J$3 -> 0 | K15: =K3 - '+0 seg'!$K$3 -> -0.003 | L15: =L3 - '+0 seg'!$L$3 -> 0.001 | M15: =M3 - '+0 seg'!$M$3 -> 0.001
A16: B | B16: =B4 - '+0 seg'!$B$4 -> 0.004 | C16: =C4 - '+0 seg'!$C$4 -> 0.004 | D16: =D4 - '+0 seg'!$D$4 -> 0.006 | E16: =E4 - '+0 seg'!$E$4 -> 0.006 | F16: =F4 - '+0 seg'!$F$4 -> 0.006 | G16: =G4 - '+0 seg'!$G$4 -> 0.008 | H16: =H4 - '+0 seg'!$H$4 -> 0.008 | I16: =I4 - '+0 seg'!$I$4 -> 0.004 | J16: =J4 - '+0 seg'!$J$4 -> -0.001 | K16: =K4 - '+0 seg'!$K$4 -> 0.003 | L16: =L4 - '+0 seg'!$L$4 -> 0 | M16: =M4 - '+0 seg'!$M$4 -> 0
A17: C | B17: =B5 - '+0 seg'!$B$5 -> 0.003 | C17: =C5 - '+0 seg'!$C$5 -> 0.011 | D17: =D5 - '+0 seg'!$D$5 -> 0.005 | E17: =E5 - '+0 seg'!$E$5 -> 0 | F17: =F5 - '+0 seg'!$F$5 -> 0.007 | G17: =G5 - '+0 seg'!$G$5 -> -0.005 | H17: =H5 - '+0 seg'!$H$5 -> 0.005 | I17: =I5 - '+0 seg'!$I$5 -> -0.007 | J17: =J5 - '+0 seg'!$J$5 -> 0 | K17: =K5 - '+0 seg'!$K$5 -> 0 | L17: =L5 - '+0 seg'!$L$5 -> 0 | M17: =M5 - '+0 seg'!$M$5 -> 0.001
A18: D | B18: =B6 - '+0 seg'!$B$6 -> 0.009 | C18: =C6 - '+0 seg'!$C$6 -> 0.011 | D18: =D6 - '+0 seg'!$D$6 -> 0.002 | E18: =E6 - '+0 seg'!$E$6 -> 0.002 | F18: =F6 - '+0 seg'!$F$6 -> 0.009 | G18: =G6 - '+0 seg'!$G$6 -> 0.02 | H18: =H6 - '+0 seg'!$H$6 -> 0.003 | I18: =I6 - '+0 seg'!$I$6 -> 0.003 | J18: =J6 - '+0 seg'!$J$6 -> 0.001 | K18: =K6 - '+0 seg'!$K$6 -> 0 | L18: =L6 - '+0 seg'!$L$6 -> 0 | M18: =M6 - '+0 seg'!$M$6 -> 0.002
A19: E | B19: =B7 - '+0 seg'!$B$7 -> 0.002 | C19: =C7 - '+0 seg'!$C$7 -> 0 | D19: =D7 - '+0 seg'!$D$7 -> 0.003 | E19: =E7 - '+0 seg'!$E$7 -> 0.011 | F19: =F7 - '+0 seg'!$F$7 -> 0.014 | G19: =G7 - '+0 seg'!$G$7 -> 0.017 | H19: =H7 - '+0 seg'!$H$7 -> 0.013 | I19: =I7 - '+0 seg'!$I$7 -> -0.007 | J19: =J7 - '+0 seg'!$J$7 -> 0 | K19: =K7 - '+0 seg'!$K$7 -> 0.001 | L19: =L7 - '+0 seg'!$L$7 -> -0.017 | M19: =M7 - '+0 seg'!$M$7 -> -0.001
A20: F | B20: =B8 - '+0 seg'!$B$8 -> 0.007 | C20: =C8 - '+0 seg'!$C$8 -> 0.005 | D20: =D8 - '+0 seg'!$D$8 -> -0.004 | E20: =E8 - '+0 seg'!$E$8 -> 0.007 | F20: =F8 - '+0 seg'!$F$8 -> 0.01 | G20: =G8 - '+0 seg'!$G$8 -> 0.005 | H20: =H8 - '+0 seg'!$H$8 -> 0.001 | I20: =I8 - '+0 seg'!$I$8 -> -0.004 | J20: =J8 - '+0 seg'!$J$8 -> -0.003 | K20: =K8 - '+0 seg'!$K$8 -> 0.001 | L20: =L8 - '+0 seg'!$L$8 -> -0.015 | M20: =M8 - '+0 seg'!$M$8 -> 0.001
A21: G | B21: =B9 - '+0 seg'!$B$9 -> 0.004 | C21: =C9 - '+0 seg'!$C$9 -> 0.009 | D21: =D9 - '+0 seg'!$D$9 -> 0.006 | E21: =E9 - '+0 seg'!$E$9 -> 0.005 | F21: =F9 - '+0 seg'!$F$9 -> 0.005 | G21: =G9 - '+0 seg'!$G$9 -> 0.012 | H21: =H9 - '+0 seg'!$H$9 -> 0.001 | I21: =I9 - '+0 seg'!$I$9 -> 0 | J21: =J9 - '+0 seg'!$J$9 -> 0 | K21: =K9 - '+0 seg'!$K$9 -> 0.001 | L21: =L9 - '+0 seg'!$L$9 -> 0 | M21: =M9 - '+0 seg'!$M$9 -> 0
A22: H | B22: =B10 - '+0 seg'!$B$10 -> -0.004 | C22: =C10 - '+0 seg'!$C$10 -> 0.023 | D22: =D10 - '+0 seg'!$D$10 -> -0.002 | E22: =E10 - '+0 seg'!$E$10 -> 0.008 | F22: =F10 - '+0 seg'!$F$10 -> 0.035 | G22: =G10 - '+0 seg'!$G$10 -> 0.002 | H22: =H10 - '+0 seg'!$H$10 -> 0.003 | I22: =I10 - '+0 seg'!$I$10 -> 0.002 | J22: =J10 - '+0 seg'!$J$10 -> 0 | K22: =K10 - '+0 seg'!$K$10 -> 0 | L22: =L10 - '+0 seg'!$L$10 -> 0 | M22: =M10 - '+0 seg'!$M$10 -> -0.002
A25: * | B25: Mean 1-2 | C25: DE 1-2 | D25: Mean 3-4 | E25: DE 3-4 | F25: Mean 5-6 | G25: DE 5-6 | H25: Mean 7-8 | I25: DE 7-8 | J25: Mean 9 | K25: DE 9 | L25: Mean 10 | M25: DE 10
A26: A | B26: =AVERAGE(B15:C15) -> 0.006 | C26: =STDEV(B15:C15) -> 0 | D26: =AVERAGE(D15:E15) -> 0.007 | E26: =STDEV(D15:E15) -> 0.0042426407 | F26: =AVERAGE(F15:G15) -> 0.009 | G26: =STDEV(F15:G15) -> 0.0042426407 | H26: =AVERAGE(H15:I15) -> 0.003 | I26: =STDEV(H15:I15) -> 0.0014142136 | J26: =AVERAGE(J15:J16) -> -0.0005 | K26: =STDEV(J15:J16) -> 0.00070710678 | L26: =AVERAGE(K15:K16) -> 3.469447e-18 | M26: =STDEV(K15:K16) -> 0.0042426407
A27: B | B27: =AVERAGE(B16:C16) -> 0.004 | C27: =STDEV(B16:C16) -> 1.9626156e-17 | D27: =AVERAGE(D16:E16) -> 0.006 | E27: =STDEV(D16:E16) -> 9.8130779e-18 | F27: =AVERAGE(F16:G16) -> 0.007 | G27: =STDEV(F16:G16) -> 0.0014142136 | H27: =AVERAGE(H16:I16) -> 0.006 | I27: =STDEV(H16:I16) -> 0.0028284271
A28: C | B28: =AVERAGE(B17:C17) -> 0.007 | C28: =STDEV(B17:C17) -> 0.0056568542 | D28: =AVERAGE(D17:E17) -> 0.0025 | E28: =STDEV(D17:E17) -> 0.0035355339 | F28: =AVERAGE(F17:G17) -> 0.001 | G28: =STDEV(F17:G17) -> 0.0084852814 | H28: =AVERAGE(H17:I17) -> -0.001 | I28: =STDEV(H17:I17) -> 0.0084852814
A29: D | B29: =AVERAGE(B18:C18) -> 0.01 | C29: =STDEV(B18:C18) -> 0.0014142136 | D29: =AVERAGE(D18:E18) -> 0.002 | E29: =STDEV(D18:E18) -> 0 | F29: =AVERAGE(F18:G18) -> 0.0145 | G29: =STDEV(F18:G18) -> 0.0077781746 | H29: =AVERAGE(H18:I18) -> 0.003 | I29: =STDEV(H18:I18) -> 9.8130779e-18
A30: E | B30: =AVERAGE(B19:C19) -> 0.001 | C30: =STDEV(B19:C19) -> 0.0014142136 | D30: =AVERAGE(D19:E19) -> 0.007 | E30: =STDEV(D19:E19) -> 0.0056568542 | F30: =AVERAGE(F19:G19) -> 0.0155 | G30: =STDEV(F19:G19) -> 0.0021213203 | H30: =AVERAGE(H19:I19) -> 0.003 | I30: =STDEV(H19:I19) -> 0.014142136 | J30: =AVERAGE(J19:J20) -> -0.0015 | K30: =STDEV(J19:J20) -> 0.0021213203 | L30: =AVERAGE(K19:K20) -> 0.001 | M30: =STDEV(K19:K20) -> 0
A31: F | B31: =AVERAGE(B20:C20) -> 0.006 | C31: =STDEV(B20:C20) -> 0.0014142136 | D31: =AVERAGE(D20:E20) -> 0.0015 | E31: =STDEV(D20:E20) -> 0.0077781746 | F31: =AVERAGE(F20:G20) -> 0.0075 | G31: =STDEV(F20:G20) -> 0.0035355339 | H31: =AVERAGE(H20:I20) -> -0.0015 | I31: =STDEV(H20:I20) -> 0.0035355339
A32: G | B32: =AVERAGE(B21:C21) -> 0.0065 | C32: =STDEV(B21:C21) -> 0.0035355339 | D32: =AVERAGE(D21:E21) -> 0.0055 | E32: =STDEV(D21:E21) -> 0.00070710678 | F32: =AVERAGE(F21:G21) -> 0.0085 | G32: =STDEV(F21:G21) -> 0.0049497475 | H32: =AVERAGE(H21:I21) -> 0.0005 | I32: =STDEV(H21:I21) -> 0.00070710678
